name,dates,status,network,chain,natsap_member,importance,connections,board_x,board_y
Academy at Sisters,,open,Altior,,True,28749,3,8785,973
Altior Healthcare,,open,Altior,Altior,False,54601,4,9865,226
Andrew Coe,,unmarked,Altior,,False,11215,2,10519,-1156
Ashby Academy,,closed or rebranded,Altior,,False,25020,1,7476,526
Betsy Warren,,unmarked,Altior,,False,12513,4,9154,810
Boyd Hooper,,unmarked,Altior,,False,12302,4,11930,1058
Bryan Lepinske,,unmarked,Altior,,False,13145,1,11153,1075
Christopher Carlin,,unmarked,Altior,,False,15692,3,8042,363
Coady Schueler,,unmarked,Altior,,False,13356,2,6982,257
Copper Canyon Academy,,closed or rebranded,Altior,Aspen,True,31684,10,8145,632
Devin Glissmeyer,,unmarked,Altior,,False,15737,2,7069,-87
Focal Point Academy,,closed or rebranded,Altior,,False,25020,1,11701,520
Fulshear Ranch Academy,,closed or rebranded,Altior,Embark,True,28749,5,11677,1231
Fulshear Treatment to Transition,,open,Altior,Embark,True,28749,1,12141,1231
Ironwood Maine,,closed or rebranded,Altior,Altior,True,28749,7,9543,-406
J Bar J Youth Services,,open,Altior,,False,25020,1,8785,1412
James Meyer,,unmarked,Altior,,False,13356,3,8550,1680
Josh White,,unmarked,Altior,,False,13624,5,8292,1196
Kreg Gillman,,unmarked,Altior,,False,16035,7,8008,-500
Maureen White,,unmarked,Altior,,False,12363,4,7945,1196
Meyer Education and Family Services,,open,Altior,,False,40183,1,8986,1651
Mike Bulloch,,unmarked,Altior,,False,11158,3,11071,-1088
Monuments RTC,,closed or rebranded,Altior,,False,28749,1,9971,-1063
Open Sky Wilderness Program,,closed or rebranded,Altior,,False,29257,3,7323,1107
Paradigm Treatment Centers,,open,Altior,Altior,False,28749,1,10250,446
Ponca Pines Academy,,closed or rebranded,Altior,,True,25020,1,9755,810
Sedona Sky Academy,,open,Altior,,True,28749,3,8682,533
Shortridge Academy,,closed or rebranded,Altior,Altior,False,25020,15,6779,-784
Sundance Canyon Academy,,open,Altior,,False,25020,1,12290,520
The Ridge Maine,,open,Altior,,True,28749,1,9543,-864
Three Rivers Montana,,closed or rebranded,Altior,,False,25020,1,9229,1238
Valley View School,,open,Altior,,True,25020,1,8536,363
Wayne Stinson,,unmarked,Altior,,False,12513,2,9053,-152
Willow Creek School,,closed or rebranded,Altior,,True,28749,1,11153,393
Acadia Village,,closed or rebranded,Aspen,Aspen,False,42497,2,8450,6965
Adirondack Leadership Expeditions,,closed or rebranded,Aspen,Aspen,True,40450,4,8362,3019
Aspen Achievement Academy,,closed or rebranded,Aspen,Aspen,True,33620,7,8411,4361
Aspen Education Group,,open,Aspen,Aspen,True,57679,23,9362,7096
Aspen Youth Services,,closed or rebranded,Aspen,Aspen,True,28749,3,6556,5291
BRAVO,,closed or rebranded,Aspen,Aspen,True,18595,1,8348,5056
Bromley Brook School,,closed or rebranded,Aspen,Aspen,True,28749,3,6063,3690
Bryan Tomes,,unmarked,Aspen,,False,12513,6,6625,2789
Camp Elliott,,closed or rebranded,Aspen,,False,28749,2,8105,6534
Cat Jennings,,unmarked,Aspen,,False,28749,5,6950,5073
Catalyst RTC,,open,Aspen,,True,25020,1,8862,3997
Cedar Crest Hospital & RTC,,open,Aspen,Aspen,False,52949,2,7476,6278
Covenant Health,,open,Aspen,Aspen,False,35250,1,8216,7738
Craig LaMont,,unmarked,Aspen,,False,14308,4,9181,3725
Diane LaMont,,unmarked,Aspen,,False,14308,2,9181,4167
Eagle Cove Academy,,closed or rebranded,Aspen,,False,28749,1,9186,3492
Excel Academy,,closed or rebranded,Aspen,Aspen,True,28749,3,7364,4270
Glen Willow Academy,,closed or rebranded,Aspen,,False,25020,1,9181,3258
Gray Wolf Ranch,,closed or rebranded,Aspen,,False,28749,1,8520,6594
Jameson Norton,,unmarked,Aspen,,False,14308,2,8705,5759
Jamison Monroe Jr,,unmarked,Aspen,,False,14308,2,8520,6286
Jeremy Poore,,unmarked,Aspen,,False,14308,3,7036,6747
Jim Dredge,,unmarked,Aspen,,False,10583,2,7075,4826
Joe Procopia,,unmarked,Aspen,,False,14308,3,9075,6080
John L Singleton,,unmarked,Aspen,,False,36619,5,7669,6965
Joint Commission,,open,Aspen,,False,95122,1,6381,7471
Justin Hoover,,unmarked,Aspen,,False,13516,2,6749,5735
Kathy McGregor,,unmarked,Aspen,,False,14308,2,9537,5601
Kendra Meiklejohn,,unmarked,Aspen,,False,14557,4,8545,3177
LUNA,,closed or rebranded,Aspen,Aspen,True,18595,1,8348,4770
Leigh Uhlenkott,,unmarked,Aspen,,False,14308,5,7258,6534
Maple Hall Academy,,closed or rebranded,Aspen,,False,36619,2,7390,7266
Matthew Hendry,,unmarked,Aspen,,False,11923,2,9409,5166
Melvin Cates,,unmarked,Aspen,,False,13572,3,6626,4396
Michelle McCoy,,unmarked,Aspen,,False,12238,2,7025,3126
Mike Ervin,,unmarked,Aspen,,False,13406,3,7622,4744
Mount Bachelor Academy,,closed or rebranded,Aspen,Aspen,True,28749,13,5911,4604
New Leaf Academy of North Carolina,,closed or rebranded,Aspen,Aspen,True,30762,5,7605,3801
New Leaf Academy of Oregon,,closed or rebranded,Aspen,Aspen,True,28749,2,5281,5894
Newport Academy,,unmarked,Aspen,,False,28749,3,8705,6100
NorthStar Center,,closed or rebranded,Aspen,Aspen,True,28749,5,5510,4978
Outback Therapeutic Expeditions,,closed or rebranded,Aspen,Aspen,True,35972,18,5179,3122
Peninsula Village,,closed or rebranded,Aspen,Aspen,True,42497,4,8216,7287
Phoenix Outdoor,,closed or rebranded,Aspen,Aspen,True,18595,4,8348,4599
Piney Ridge Center,,open,Aspen,Aspen,False,28749,4,6381,6000
Ridgeview Group Home,,open,Aspen,Aspen,False,28749,1,5327,7752
SEASONS,,closed or rebranded,Aspen,Aspen,True,18595,1,8348,5239
SUWS Adolescent and Youth Programs,,closed or rebranded,Aspen,Aspen,True,34099,1,8573,5502
SUWS Idaho,,closed or rebranded,Aspen,Aspen,True,28749,5,7526,3306
SUWS of the Carolinas,,closed or rebranded,Aspen,Aspen,True,28749,18,8041,5425
Sam Wallace,,unmarked,Aspen,,False,16931,2,6381,6452
Saving Teens,,open,Aspen,,False,43357,1,6334,4826
Scott Fitzwater,,unmarked,Aspen,,False,12363,2,6073,4204
Southwood Psychiatric Hospital,,open,Aspen,Aspen,False,67697,2,6587,6791
Stone Mountain School,,closed or rebranded,Aspen,,True,33881,6,7738,6534
Susan Hardy,,unmarked,Aspen,,False,14308,2,7816,4250
Talisman Programs,,open,Aspen,Aspen,False,28749,2,5179,4178
Talisman School,,closed or rebranded,Aspen,Aspen,True,28749,2,6413,3991
Tampa Behavioral Health,,open,Aspen,Aspen,False,52949,2,8401,5972
Telos Academy,,open,Aspen,,True,28749,2,8315,3429
Telos RTC,,closed or rebranded,Aspen,,False,25020,2,8522,3575
The Oakley School,,closed or rebranded,Aspen,Aspen,True,28749,7,7526,2679
Tim Brace,,unmarked,Aspen,,False,11215,7,6173,5164
Village Behavioral Health Treatment Center,,open,Aspen,Aspen,False,75724,1,8942,6651
W. Dean Belnap,,unmarked,Aspen,,False,12765,2,6253,3242
Walkabout Therapeutic Expeditions,,closed or rebranded,Aspen,Aspen,True,30637,2,5494,4070
Whetstone Academy,,open,Aspen,,False,28749,5,6834,7266
Aspiro Group,,unmarked,Aspiro,,False,25020,4,-4539,9231
Ben Pearson,,unmarked,Aspiro,,False,15244,2,-2338,9629
Bernie Zimmerman,,unmarked,Aspiro,,False,16457,4,-4724,8682
Blue Ridge Therapeutic Wilderness,,open,Aspiro,,True,28134,4,-5097,10180
Brush Ranch School,,closed or rebranded,Aspiro,,False,25020,1,-4491,9990
Cherokee Creek Boys School,,open,Aspiro,,True,32074,4,-5103,9377
Cindy Fogel,,unmarked,Aspiro,,False,15244,4,-3055,10576
Daniels Academy,,closed or rebranded,Aspiro,,False,25020,7,-4063,9549
Evoke Cascades,,closed or rebranded,Aspiro,,True,25020,1,-4805,12411
Evoke Entrada,,open,Aspiro,,True,25020,1,-4449,12385
Evoke Therapy Programs,,open,Aspiro,,True,25020,3,-4449,11792
Huntsman Mental Health Institute,,open,Aspiro,,False,28749,2,-5097,11338
Hyde School,,open,Aspiro,,False,28749,2,-2468,8502
Jessica Jewell,,unmarked,Aspiro,,False,11054,2,-5097,10972
Joesph Gauld,,unmarked,Aspiro,,False,13172,1,-2550,8869
Jonathan Daniel Birnkrant,,unmarked,Aspiro,,False,22495,2,-2526,11661
Katie Rienstra,,unmarked,Aspiro,,False,14130,3,-4966,9828
Krista Zimmerman,,unmarked,Aspiro,,False,16232,2,-4692,8431
Lone Star Expeditions,,closed or rebranded,Aspiro,,True,33108,4,-4558,11286
Oak Creek Ranch School,,closed or rebranded,Aspiro,,False,28749,1,-4273,8620
Obsidian Schools,,closed or rebranded,Aspiro,,True,22495,1,-2463,10356
Obsidian Trails Outdoor Schools,,closed or rebranded,Aspiro,,True,34448,2,-2463,10772
Sean Haggerty,,unmarked,Aspiro,,False,13172,2,-4806,9895
Second Nature,,open,Aspiro,Aspiro,True,30674,4,-5097,10356
Second Nature Blue Ridge,,closed or rebranded,Aspiro,Aspiro,True,25020,5,-4636,10180
Second Nature Cascades,,closed or rebranded,Aspiro,Aspiro,True,25020,5,-3247,10853
Second Nature Entrada,,closed or rebranded,Aspiro,Aspiro,True,25020,1,-2922,10924
Second Nature Entrada & Cascades,,closed or rebranded,Aspiro,Aspiro,True,31255,3,-3143,11304
Second Nature Uintas,,closed or rebranded,Aspiro,Aspiro,True,25020,5,-3949,10017
Second Nature Uintas & Blue Ridge,,closed or rebranded,Aspiro,Aspiro,True,34318,3,-3834,11498
Second Nature Wilderness Family Therapy,,open,Aspiro,Aspiro,True,45092,8,-3600,10827
Stillwater Academy,,open,Aspiro,,True,28749,4,-3836,9107
Summit Preparatory School,,open,Aspiro,,True,28749,2,-4539,11017
ThreePeaks Ascent RTC,,open,Aspiro,,False,25020,1,-4901,9107
Turnabout Academy,,closed or rebranded,Aspiro,,True,28749,2,-2935,8684
Vantage Point,,closed or rebranded,Aspiro,,False,25020,4,-4537,8822
Aspiro Wilderness Adventure Therapy,,closed or rebranded,Asst. (north),,True,37593,6,-5574,2297
Blaine Fisher,,unmarked,Asst. (north),,False,8468,2,-6567,863
Bryan Delaney,,unmarked,Asst. (north),,False,14229,4,-5468,754
Cedars Academy,,closed or rebranded,Asst. (north),,True,28749,2,-6524,2227
Chris Tarver,,unmarked,Asst. (north),,False,14193,2,-6414,830
Cottonwood Treatment Center,,closed or rebranded,Asst. (north),UHS,False,23887,2,-5371,-1318
Coyote Karrick,,unmarked,Asst. (north),,False,9389,3,-6925,291
Cramer Creek School,,closed or rebranded,Asst. (north),,False,25020,1,-5178,-529
David Yeats,,unmarked,Asst. (north),,False,9577,2,-5671,-1383
Deanna Atkinson Valente,,unmarked,Asst. (north),,False,13172,2,-5561,1325
Distant Drums Beginnings,,closed or rebranded,Asst. (north),,False,28749,2,-6120,-675
Elan School,,closed or rebranded,Asst. (north),,True,28749,3,-5931,1135
George Ullrich,,unmarked,Asst. (north),,False,14130,4,-7457,-277
Gordon Newell,,unmarked,Asst. (north),,False,8744,2,-6913,-10
"Greenwood Associates, Inc",,open,Asst. (north),,False,34947,1,-7268,2510
Jami Sturges Ullrich,,unmarked,Asst. (north),,False,13608,2,-7457,-545
Jamie Caldwell,,unmarked,Asst. (north),,False,13197,2,-6173,616
Jason Dalton,,unmarked,Asst. (north),,False,8102,2,-6310,1369
Jeremy Nunelley,,unmarked,Asst. (north),,False,14326,4,-4945,2452
Jodi Escalante,,unmarked,Asst. (north),,False,12616,4,-6675,1224
John Cohen,,unmarked,Asst. (north),,False,13235,3,-6581,1774
John L. Santa,,unmarked,Asst. (north),,False,9194,2,-7229,1134
John Sarchio,,unmarked,Asst. (north),,False,10997,2,-7273,-449
Julia Andrick,,unmarked,Asst. (north),,False,11182,3,-5492,-1104
Ken Betts,,unmarked,Asst. (north),,False,13172,5,-5664,1661
Lee Caldwell,,unmarked,Asst. (north),,False,11619,3,-6682,616
Linda Houghton,,unmarked,Asst. (north),,False,11715,4,-5719,179
Mary Pauer,,unmarked,Asst. (north),,False,13235,2,-7163,2022
Northwoods Boarding School,,open,Asst. (north),,False,28388,1,-5671,-1017
Pacific Quest,,open,Asst. (north),,False,28749,1,-7205,1577
Patrick Logan,,unmarked,Asst. (north),,False,13172,3,-6833,1489
Peter Rowe,,unmarked,Asst. (north),,False,13172,2,-5915,1903
ROP Nevada,,unmarked,Asst. (north),,False,25020,2,-5121,19
Rob Cooley,,unmarked,Asst. (north),,False,11677,2,-7495,1665
SageWalk Wilderness,,closed or rebranded,Asst. (north),,True,28749,11,-7110,-791
Shadow Mountain Academy,,closed or rebranded,Asst. (north),,False,32372,1,-6599,-764
Shawn Ziluck,,unmarked,Asst. (north),,False,10406,2,-6178,1860
Shephali Sharma,,unmarked,Asst. (north),,False,14351,2,-5444,972
Skyline Journey,,closed or rebranded,Asst. (north),,True,28749,2,-6303,446
Steve Houghton,,unmarked,Asst. (north),,False,11715,3,-5719,-2
The Wardle Home,,unmarked,Asst. (north),,False,34691,2,-6180,-1212
Trilby Hoover,,unmarked,Asst. (north),,False,11683,2,-6985,-1409
Turning Winds Academic Institute,,open,Asst. (north),,True,38916,1,-6522,318
Virginia Scott Prowse,,unmarked,Asst. (north),,False,12221,2,-7395,-1090
ANASAZI Foundation,,open,Asst. (south),,True,27431,2,443,11441
Adele Logan,,unmarked,Asst. (south),,False,12616,3,1092,9873
Alex Bitz,,unmarked,Asst. (south),,False,12616,3,353,9099
Alldredge Academy,,closed or rebranded,Asst. (south),,True,28749,2,368,10008
Alldredge Wilderness Journey,,closed or rebranded,Asst. (south),,True,28749,1,368,10313
Aspen Ranch,,closed or rebranded,Asst. (south),Aspen,True,28749,7,2818,8953
Audrey Everson,,unmarked,Asst. (south),,False,13624,3,1816,8561
Bill Hoffman,,unmarked,Asst. (south),,False,12616,2,1621,8738
Blue Hills Academy,,closed or rebranded,Asst. (south),,True,28749,2,1766,9056
Brad M. Reedy,,unmarked,Asst. (south),,False,10406,4,179,9666
Brad Matheson,,unmarked,Asst. (south),,False,9573,3,2321,8162
Brandon Burr,,unmarked,Asst. (south),,False,12513,2,1622,8562
Cheryl Kehl,,unmarked,Asst. (south),,False,12616,4,1196,8802
Cliff Stockton,,unmarked,Asst. (south),,False,12616,2,1003,9082
Compass Rose Academy,,closed or rebranded,Asst. (south),,False,28749,2,891,9954
Daniel Fishburn,,unmarked,Asst. (south),,False,15244,2,1789,10676
David LePere,,unmarked,Asst. (south),,False,12616,7,734,9082
Dennis Crowell,,unmarked,Asst. (south),,False,9330,3,2753,10734
Education Consultant,,unmarked,Asst. (south),,False,23957,1,929,9364
Equine Journeys Adolescent RTC,,open,Asst. (south),,False,36964,1,417,8561
Gordon L Day,,unmarked,Asst. (south),,False,13172,6,1528,10357
Graham Shannonhouse,,unmarked,Asst. (south),,False,17668,2,1301,8668
Jane Stewart,,unmarked,Asst. (south),,False,12513,2,1944,8378
Janine Riehl LePere,,unmarked,Asst. (south),,False,12513,3,1114,8923
Jason McKeown,,unmarked,Asst. (south),,False,12370,3,1734,9661
Jeff Scott,,unmarked,Asst. (south),,False,15244,6,2769,11112
Josiah White's,,open,Asst. (south),,False,28749,1,926,10334
Kathy Rex,,unmarked,Asst. (south),,False,12334,2,498,7970
L. Jay Mitchell,,unmarked,Asst. (south),,False,11278,3,2315,8664
Linda Cathcart,,unmarked,Asst. (south),,False,13406,3,1540,9357
Melodie Rose,,unmarked,Asst. (south),,False,12513,2,2909,8629
Michael Bednarz,,unmarked,Asst. (south),,False,12616,4,123,8480
Montfort Hall,,closed or rebranded,Asst. (south),,False,28749,2,1001,10720
R. Scott Jones,,unmarked,Asst. (south),,False,12334,2,1034,8376
Scott Spaw,,unmarked,Asst. (south),,False,12616,2,1797,10448
Sequoia Smith,,unmarked,Asst. (south),,False,12513,1,1540,9513
Sharon Bitz,,unmarked,Asst. (south),,False,11839,3,708,8816
Sharon Sperry-Clegg,,unmarked,Asst. (south),,False,15058,4,489,8219
Shayne Gallagher,,unmarked,Asst. (south),,False,17416,2,1591,8230
Sonja Fullwood,,unmarked,Asst. (south),,False,14351,2,1381,9117
Talisman Camps,,open,Asst. (south),Aspen,True,28749,3,2311,10914
The Goodale School,,closed or rebranded,Asst. (south),,False,28749,1,421,10721
Alexander MacDonald,,unmarked,Brown Schools/CEDU,,False,17369,2,-6594,-2959
Anderson Creek School,,closed or rebranded,Brown Schools/CEDU,,False,25020,1,-6218,-2938
Bill Lane,,unmarked,Brown Schools/CEDU,,False,12087,3,-7606,-3585
Bill Lane and Associates,,open,Brown Schools/CEDU,,False,20850,2,-7323,-2958
Boulder Creek Academy,,closed or rebranded,Brown Schools/CEDU,Brown Schools/CEDU,True,29239,11,-7097,-2470
Brandi Elliot,,unmarked,Brown Schools/CEDU,,False,10629,2,-7161,-1932
CEDU Family of Services,,closed or rebranded,Brown Schools/CEDU,Brown Schools/CEDU,False,75995,12,-6099,-2641
CEDU High School,,closed or rebranded,Brown Schools/CEDU,Brown Schools/CEDU,True,25020,13,-5989,-2016
CEDU Middle School,,closed or rebranded,Brown Schools/CEDU,Brown Schools/CEDU,True,25020,3,-6593,-1824
Daytop Village,,closed or rebranded,Brown Schools/CEDU,,False,20850,4,-5223,-3252
Jacqueline Danforth,,unmarked,Brown Schools/CEDU,,False,13168,2,-5442,-3080
Jerry Spanos,,unmarked,Brown Schools/CEDU,,False,9459,2,-6728,-3605
Joe Ricci,,unmarked,Brown Schools/CEDU,,False,8575,2,-5027,-3443
Katie Soli,,unmarked,Brown Schools/CEDU,,False,8241,2,-7192,-3744
King George School,,closed or rebranded,Brown Schools/CEDU,Brown Schools/CEDU,True,25020,2,-5521,-1928
Lakshmi Kaza,,unmarked,Brown Schools/CEDU,,False,13265,2,-5833,-3100
Larry Katz,,unmarked,Brown Schools/CEDU,,False,10997,2,-6491,-2713
Marguerite Sallee,,unmarked,Brown Schools/CEDU,,False,13265,2,-6076,-3655
New Horizons for Young Women,,closed or rebranded,Brown Schools/CEDU,,True,32200,2,-5129,-3059
Northwest Academy,,closed or rebranded,Brown Schools/CEDU,Brown Schools/CEDU,True,25020,11,-6873,-2312
On Track Wilderness Program,,closed or rebranded,Brown Schools/CEDU,Brown Schools/CEDU,True,28749,2,-6768,-3423
Rocky Mountain Academy,,closed or rebranded,Brown Schools/CEDU,Brown Schools/CEDU,True,27437,12,-5835,-2370
Samaritan Daytop Village,,open,Brown Schools/CEDU,,False,20850,1,-5171,-3674
San Marcos Treatment Center,,open,Brown Schools/CEDU,,False,32670,3,-7737,-3010
Tai Komanec,,unmarked,Brown Schools/CEDU,,False,10997,3,-5762,-2671
Tennessee Department of Human Services,,open,Brown Schools/CEDU,,False,66039,1,-5988,-3448
The Brown Schools,,closed or rebranded,Brown Schools/CEDU,Brown Schools/CEDU,False,75995,5,-6391,-3423
Waco Center for Youth,,open,Brown Schools/CEDU,,False,28749,1,-5470,-3419
Wilderness Quest,,open,Brown Schools/CEDU,,True,28749,3,-7201,-2757
Wimauma Academy,,open,Brown Schools/CEDU,,False,30972,1,-7319,-3440
Academy at Cedar Mountain,,closed or rebranded,CERTS,,True,25020,3,-13430,6178
Adam Mclain,,unmarked,CERTS,,False,15244,3,-12748,7746
Beth Ragland,,unmarked,CERTS,,False,10134,5,-13626,6416
Birdseye Boys Ranch,,closed or rebranded,CERTS,,False,25020,1,-13244,7815
Birdseye RTC,,closed or rebranded,CERTS,,False,25020,2,-13244,7537
CERTS,,open,CERTS,,False,25020,7,-14000,6178
Craig Rodabough,,unmarked,CERTS,,False,11707,4,-14167,5860
Elk River Treatment Program,,open,CERTS,,True,31565,3,-14695,6397
Kaizen Academy,,open,CERTS,,True,25020,2,-13244,7258
Karen Lee,,unmarked,CERTS,,False,10134,2,-14883,6700
Kolob Canyon RTC,,open,CERTS,,True,25020,2,-13244,7026
La Europa Academy,,open,CERTS,,True,25020,2,-13244,6611
Moonridge Academy,,open,CERTS,,True,25020,1,-13244,6865
Mountain Springs Preparatory Academy,,open,CERTS,,False,43718,1,-12967,6157
"Pinnacle Behavioral Health, Inc",,unmarked,CERTS,,False,25020,3,-14519,6725
The Pinnacle Schools,,closed or rebranded,CERTS,,True,25020,2,-14374,6416
Accelerated Christian Education,,unmarked,Disconnected,,False,45349,0,-17522,-8064
Independent Educational Consultants Association,,unmarked,Disconnected,,False,80822,0,-17674,-7712
Judge Rotenberg Educational Center,,unmarked,Disconnected,,False,35884,0,-17276,-7584
Alpine Academy,,open,Eckerd,,True,25020,3,669,-3687
Anneewakee School,,closed or rebranded,Eckerd,,False,30512,1,-2703,-3294
Appalachian Wilderness Camp,,closed or rebranded,Eckerd,,False,33534,2,-3375,-3662
Becky Simpson,,unmarked,Eckerd,,False,11182,2,-2950,-3449
Belle Shook,,unmarked,Eckerd,,False,13572,3,-852,-2891
Bobbi Trott Christensen,,unmarked,Eckerd,,False,17142,2,-2359,-2972
Boys Town,,open,Eckerd,,False,28749,2,-2950,-3656
Brandon Park,,unmarked,Eckerd,,False,12430,3,-3993,-2913
Brian Ray,,unmarked,Eckerd,,False,13573,2,-1425,-2659
Bruce Wilson,,unmarked,Eckerd,,False,13168,4,-4349,-2579
Cascade School,,closed or rebranded,Eckerd,,True,25020,3,-1568,-3959
Cinnamon Hills Youth Crisis Center,,open,Eckerd,,False,34482,1,-2604,-5216
Copper Hills Youth Center,,open,Eckerd,UHS,True,29293,2,-2251,-4506
Craig Rogers,,unmarked,Eckerd,,False,8332,6,997,-5473
Crater Lake School,,closed or rebranded,Eckerd,,True,25020,2,-1382,-3707
Diamond Ranch Academy,,closed or rebranded,Eckerd,,True,30968,4,-3704,-2780
Discover Seven Stars,,open,Eckerd,FHW,False,25020,2,-3277,-3222
Doug Kim Brown,,unmarked,Eckerd,,False,12430,3,-4231,-2885
E-ma-laku,,closed or rebranded,Eckerd,,True,19200,2,-4173,-3461
Eckerd Academy of the Blue Ridge,,closed or rebranded,Eckerd,,True,33534,2,-4199,-3233
Eckerd Connects,,open,Eckerd,,False,28749,1,-2950,-3296
Eckerd Youth Alternatives,,closed or rebranded,Eckerd,,False,28749,4,-2950,-2992
Eilean Mackenzie,,unmarked,Eckerd,,False,13879,2,-4073,-3059
Elements Wilderness Program,,open,Eckerd,,False,25020,1,182,-3134
Hidden Lake Academy,,closed or rebranded,Eckerd,,True,28749,7,-3318,-2769
Jeff Simpson,,unmarked,Eckerd,,False,11182,3,-3202,-3449
Jessa Hobson,,unmarked,Eckerd,,False,14369,5,950,-3134
John Mercer,,unmarked,Eckerd,,False,11369,2,-2251,-2585
KW Legacy Ranch,,open,Eckerd,,False,25020,1,-403,-2972
Kera Miller,,unmarked,Eckerd,,False,11182,2,-3591,-2983
"Leonard ""Len"" Buccellato",,unmarked,Eckerd,,False,15469,3,-2703,-2972
Lila Bjorklund,,unmarked,Eckerd,,False,14369,2,76,-3325
Lorin Broadbent,,unmarked,Eckerd,,False,15664,2,7,-2613
Luke Hatch,,unmarked,Eckerd,,False,13573,2,-403,-2627
Michael Allgood,,unmarked,Eckerd,,False,16903,2,-1892,-4972
Mission Mountain School,,closed or rebranded,Eckerd,,True,27331,1,-2251,-3194
Montana Academy,,closed or rebranded,Eckerd,,True,25020,2,-4632,-3298
Mountain Valley Treatment Center,,open,Eckerd,,False,35224,1,-1348,-3279
North Star Expeditions,,closed or rebranded,Eckerd,,False,26261,2,-2769,-4962
Northwest Association International School Visitation Team,,unmarked,Eckerd,,False,93355,4,-2481,-6321
Northwest Association of Schools and of Colleges and Universities,,unmarked,Eckerd,,False,93355,1,-2481,-5948
Oliver Cooperman,,unmarked,Eckerd,,False,13227,3,-4831,-3149
Orval Hagerman,,unmarked,Eckerd,,False,18345,2,-2481,-6982
Randy Soderquist,,unmarked,Eckerd,,False,16903,2,-2021,-5333
Re-Creation Retreat,,open,Eckerd,,False,39752,1,-2021,-5721
Red Rock Canyon School,,closed or rebranded,Eckerd,,True,32337,2,-1676,-3165
Rivendell Psychiatric Hospital,,closed or rebranded,Eckerd,,False,25020,3,-2598,-4126
Rivendell of Arkansas,,open,Eckerd,UHS,False,25020,2,-2598,-3656
Rivendell of Utah,,closed or rebranded,Eckerd,,False,25020,2,-2251,-4126
Silverado Boys Ranch,,closed or rebranded,Eckerd,,False,28749,5,-1018,-3561
Stacey Rosenberg,,unmarked,Eckerd,,False,13409,4,-3078,-2677
Tim McMahon,,unmarked,Eckerd,,False,13768,2,-4147,-3662
Uinta Academy,,open,Eckerd,FHW,True,25020,3,-3557,-3449
Utah Girls' Village,,closed or rebranded,Eckerd,,False,25020,2,-58,-3687
Utah Youth Village,,open,Eckerd,,False,25020,3,305,-3687
Acadia Healthcare,,open,Embark,Aspen,False,95857,9,14173,7078
Amir Rafiei,,unmarked,Embark,,False,14308,3,16784,3848
Anthony Geraci,,unmarked,Embark,,False,13356,2,15767,4693
Arivaca Boys Ranch,,open,Embark,,False,25020,1,17682,3422
Ascent Companies,,open,Embark,,False,64240,6,15008,4755
Bain Capital,,open,Embark,Embark,False,146392,1,15808,7449
Brandon Olson,,unmarked,Embark,,False,13356,2,16347,4758
Brian Pace,,unmarked,Embark,,False,13356,3,17552,4573
CALO Preteens,,closed or rebranded,Embark,Embark,False,28749,1,15749,3884
CALO Programs,,open,Embark,Embark,False,28749,4,15606,3639
CALO Teens,,closed or rebranded,Embark,Embark,False,28749,1,15501,3884
CRC Health Group,,open,Embark,Embark,False,149814,3,15808,6298
Cantrill Nielsen,,unmarked,Embark,,False,14308,2,17087,4062
Chrysalis Academy,,closed or rebranded,Embark,,True,28749,2,14688,2390
Chrysalis Therapeutic Boarding School,,open,Embark,Embark,True,43368,3,14263,2218
Deschutes Wilderness Therapy,,closed or rebranded,Embark,Embark,False,43637,3,17108,2291
Developmental Trauma Training Institute,,open,Embark,,False,25400,1,16912,5031
Discovery Academy,,closed or rebranded,Embark,,True,28749,5,14479,5919
Discovery Ranch,,open,Embark,,True,28749,3,15241,6713
Discovery Ranch for Girls,,closed or rebranded,Embark,,False,28749,2,14758,5419
Dragonfly Transitions,,closed or rebranded,Embark,,True,25020,1,16264,5888
Dustin Tibbitts,,unmarked,Embark,,False,10497,4,14873,2967
Eagle Ranch Academy,,open,Embark,,False,25020,1,17087,3078
Embark Behavioral Health,,open,Embark,Embark,True,139713,15,16392,3155
Embark at Flathead Valley,,unmarked,Embark,Embark,False,27848,1,15847,2324
Embark at Hobble Creek,,unmarked,Embark,Embark,False,28749,2,16527,2816
Embark at The Forge,,unmarked,Embark,Embark,False,28749,1,15554,3442
First Light Wilderness Therapy,,open,Embark,Embark,False,28749,7,16620,4966
InnerChange,,open,Embark,,False,22601,7,14245,2973
Jeff Holloway,,unmarked,Embark,,False,13356,2,16620,5662
Kirk Voss,,unmarked,Embark,,False,14308,2,15172,3739
Lad Lake,,open,Embark,,False,25020,1,17272,4484
Lake House Academy,,open,Embark,Embark,False,28749,4,15427,2703
Leah Madamba,,unmarked,Embark,,False,12720,4,14215,4095
Mark McGregor,,unmarked,Embark,,False,16220,3,14379,5243
New Haven RTC,,open,Embark,Embark,True,28749,9,14643,3639
New Summit Academy,,open,Embark,,False,25020,1,17682,3218
New Vision Wilderness,,closed or rebranded,Embark,Embark,False,28749,2,16384,3980
Nicole Prescott,,unmarked,Embark,,False,13356,2,15847,5095
OASIS Ascent,,open,Embark,,False,25020,2,15050,6210
Oasis Academy,,unmarked,Embark,,False,25020,1,14614,4891
Oxbow Academy,,open,Embark,,True,28749,1,14758,5667
Patrick Hawkins,,unmarked,Embark,,False,11186,2,16316,4274
RedCliff Ascent,,open,Embark,,True,28749,4,15008,4280
Ridge Creek School,,closed or rebranded,Embark,,True,25020,1,15656,5662
San Cristobal Ranch Academy,,closed or rebranded,Embark,,True,34497,1,15343,4280
San Juan Wilderness Therapy,,closed or rebranded,Embark,,False,25020,1,16347,4484
Star Guides Wilderness Therapy,,open,Embark,,False,37963,1,17193,4831
Steve Sawyer,,unmarked,Embark,,False,11186,5,16912,4484
Summer Hornbeck,,unmarked,Embark,,False,13356,2,16852,5888
Sunrise RTC,,open,Embark,Embark,True,28749,7,17408,3635
Thomas Ring,,unmarked,Embark,,False,13356,2,16141,4501
Three Strands Wilderness,,closed or rebranded,Embark,,False,25020,1,17023,4274
Timberline Knolls RTC,,open,Embark,,False,25020,1,15397,5095
Triple Divide Lodge,,closed or rebranded,Embark,,False,25020,3,15767,4274
Xela Goodman,,unmarked,Embark,,False,13356,5,16291,2494
Agoura Hills RTC,,open,Evolve,,True,28749,1,5817,14795
Arden Oaks RTC,,open,Evolve,,True,28749,1,5426,13853
Aura RTC,,open,Evolve,,True,28749,1,5817,15709
Calabasas RTC,,open,Evolve,,True,28749,1,5817,15100
Cole Ranch RTC,,open,Evolve,,True,28749,1,5426,14795
Danville RTC,,open,Evolve,,True,28749,1,5817,13853
Dove Song RTC,,open,Evolve,,True,28749,1,5426,14491
Evolve Treatment Centers,,open,Evolve,,True,59789,14,5592,13482
Greenbrier Academy,,closed or rebranded,Evolve,,True,28749,2,3774,13250
Jason Scott Calder,,unmarked,Evolve,,False,15244,4,3638,13468
Kim Lira,,unmarked,Evolve,,False,16931,2,6132,14584
Lafayette RTC,,open,Evolve,,True,28749,1,5426,14186
MHY Family Services,,unmarked,Evolve,,False,28749,1,5527,15990
Mars Home for Youth,,closed or rebranded,Evolve,,False,28749,2,6107,15990
Mount Helix RTC,,open,Evolve,,True,28749,1,5817,14491
Next Step Youth Transport Services,,open,Evolve,,False,53880,1,3380,13759
Ojai RTC,,open,Evolve,,True,28749,1,5426,15100
"Phillip ""Dr Phil"" McGraw",,unmarked,Evolve,,False,73205,5,4337,13547
Red Hawk Academy for Girls,,open,Evolve,,False,35394,1,4336,14177
"Siuta ""Sonny"" Faaootoa",,unmarked,Evolve,,False,15244,2,5011,14177
Vanalden RTC,,open,Evolve,,True,28749,1,5817,15405
Walnut Creek RTC,,open,Evolve,,True,28749,1,5817,14186
Woodland Hills RTC,,open,Evolve,,True,28749,1,5426,15405
Youth Intervention Transport,,closed or rebranded,Evolve,,False,53880,3,3869,13759
Abundant Life Academy,,closed or rebranded,FHW,,True,25020,1,4745,-5491
Adam Rainer,,unmarked,FHW,,False,8332,2,4431,-5405
Asheville Academy for Girls,,open,FHW,FHW,False,36921,3,5165,-6320
Avalon Hills Residential Eating Disorder Program,,open,FHW,,True,42527,1,4944,-7702
Bill and Melinda Gates Foundation,,open,FHW,,False,46845,1,9312,-7714
Clearview Girls Academy,,open,FHW,,True,29855,1,6013,-5408
Clearview Horizon,,closed or rebranded,FHW,,True,25020,2,5641,-5394
Dale Erdmann,,unmarked,FHW,,False,12363,3,9370,-5542
David Allred,,unmarked,FHW,,False,11182,3,4023,-6487
David Freedman,,unmarked,FHW,,False,14193,5,4308,-4799
David Hans,,unmarked,FHW,,False,10735,2,6218,-5149
Denise Westman,,unmarked,FHW,,False,13044,2,5641,-5777
Elevations RTC,,open,FHW,FHW,True,25020,6,6664,-7125
Eliza Hitz,,unmarked,FHW,,False,13573,3,5891,-6163
Emily Lamb,,unmarked,FHW,,False,12334,3,5927,-6498
Equinox RTC,,closed or rebranded,FHW,FHW,False,25020,2,5120,-6581
Eva Carlston Academy,,open,FHW,,False,28749,1,5546,-7516
Family Help & Wellness,,open,FHW,FHW,False,73919,17,4928,-6803
Gay Jackson,,unmarked,FHW,,False,15428,2,6814,-7388
Greg Lindsay,,unmarked,FHW,,False,12334,2,6337,-6558
Guy Andersen,,unmarked,FHW,,False,12238,2,8989,-5800
High Frontier,,closed or rebranded,FHW,,True,25020,2,4431,-6690
Hollie Archibald,,unmarked,FHW,,False,12021,2,4664,-7290
Jamie Palmer,,unmarked,FHW,,False,11182,4,3533,-6441
Jen Murphy,,unmarked,FHW,,False,13573,2,8847,-7036
Jeniveve Rollins,,unmarked,FHW,,False,10167,2,3994,-5841
Jill Bentz,,unmarked,FHW,,False,10047,2,4188,-6581
Journey Home,,open,FHW,FHW,False,28749,1,4061,-4711
Kirk Simon,,unmarked,FHW,,False,17162,4,6527,-7911
Koinonia Foster Homes,,open,FHW,,False,25020,1,5694,-6313
Kris Archer,,unmarked,FHW,,False,11920,5,4469,-7260
Lee Wardle,,unmarked,FHW,,False,13572,3,3778,-4902
Leslie Rosenberg,,unmarked,FHW,,False,13977,1,6467,-7132
Linda Zimmerman,,unmarked,FHW,,False,14312,2,4633,-5944
Liz McGhee,,unmarked,FHW,,False,9166,2,4431,-6301
Logan River Academy,,open,FHW,,True,25020,5,3710,-6299
Magnolia Mill School,,open,FHW,FHW,True,28749,1,5983,-7212
Mark Wardle,,unmarked,FHW,,False,13573,7,3778,-5293
Matthew Lovell,,unmarked,FHW,,False,10047,3,4106,-7198
Meg Paul,,unmarked,FHW,,False,9780,2,3777,-7764
Mik Oyler,,unmarked,FHW,,False,8744,2,3983,-7120
Momentum,,open,FHW,FHW,False,27241,1,4786,-5172
NATSAP,,open,FHW,FHW,True,25808,24,6286,-6065
New Focus Academy,,open,FHW,FHW,False,25020,2,4718,-6426
Paula Riggs,,unmarked,FHW,,False,9101,2,5385,-5490
Pine Ridge Academy,,unmarked,FHW,,False,25619,1,9411,-7175
Positive Impact RTC,,closed or rebranded,FHW,,False,25020,1,5656,-5922
ROOTs Transition,,open,FHW,FHW,False,25020,6,5044,-7485
Rae Ann Knopf,,unmarked,FHW,,False,25020,5,8661,-7714
Rancho Valmora,,closed or rebranded,FHW,,True,25020,3,4215,-5944
Red Mountain Colorado,,closed or rebranded,FHW,FHW,False,29778,7,4356,-7501
Red Mountain Sedona,,open,FHW,FHW,False,28749,5,4355,-7107
Ridgeview Institute,,open,FHW,,False,25020,1,5604,-6498
River Point Behavioral Health,,open,FHW,,False,25020,1,4194,-5127
Robert Crist,,unmarked,FHW,,False,26318,4,8827,-6638
Rudy Bentz,,unmarked,FHW,,False,10047,4,4188,-6401
Sandhill Child Development Center,,open,FHW,FHW,True,40440,2,5153,-5944
Sarah Persha Koalkin,,unmarked,FHW,,False,12639,2,4139,-6891
Sheri Gallagher,,unmarked,FHW,,False,17416,3,6396,-5232
Social Learning Environments,,closed or rebranded,FHW,,False,40640,3,3800,-6708
Solstice East,,closed or rebranded,FHW,FHW,False,28749,5,5983,-6803
Solstice RTC,,open,FHW,FHW,True,28749,13,5651,-6846
Solstice West,,open,FHW,FHW,True,28749,1,5522,-7200
Steve Debois,,unmarked,FHW,,False,9651,2,6619,-5790
Steven Pope,,unmarked,FHW,,False,9573,2,4420,-5292
Summit Achievement,,open,FHW,,True,32042,2,3565,-7120
Tasir El- Souessi,,unmarked,FHW,,False,13622,2,4226,-5490
Teresa Shinedling,,unmarked,FHW,,False,16649,2,8771,-4821
Theresa Wardle,,unmarked,FHW,,False,13857,6,3777,-5597
Trails Carolina,,closed or rebranded,FHW,FHW,True,27579,8,4716,-5754
Trails Momentum,,closed or rebranded,FHW,FHW,False,27241,2,4653,-4844
Trinity Hunt Partners,,open,FHW,FHW,False,46518,1,4856,-7186
WinGate Wilderness Therapy,,closed or rebranded,FHW,FHW,True,31841,13,5096,-5164
blueFire Wilderness Therapy,,open,FHW,FHW,True,28749,2,6659,-6694
Academy of Eastern Arizona,,closed or rebranded,HOPE Group,,False,28161,1,-7663,9922
Brandon Courtney,,unmarked,HOPE Group,,False,12456,3,-8050,7314
Brian Murdock,,unmarked,HOPE Group,,False,13172,2,-8619,8200
Cedar Ridge Academy,,closed or rebranded,HOPE Group,,True,25020,1,-7543,7414
Cherry Gulch,,open,HOPE Group,,True,25020,4,-7432,8510
Chris H McRoberts,,unmarked,HOPE Group,,False,14955,1,-7910,8198
Devereux Foundation,,open,HOPE Group,,False,28749,2,-8347,8543
HOPE Group,,open,HOPE Group,,False,25020,3,-8126,9287
Havenwood Academy,,open,HOPE Group,,True,27103,3,-8417,9557
Havenwood North,,open,HOPE Group,,True,27103,1,-8736,9287
Havenwood South,,open,HOPE Group,,True,27103,1,-8736,9557
Hyrum Taylor,,unmarked,HOPE Group,,False,11054,2,-7663,9557
Integrity House,,closed or rebranded,HOPE Group,,False,25020,3,-8126,9557
Jan Moss,,unmarked,HOPE Group,,False,10134,3,-8224,7959
Jeannie Courtney,,unmarked,HOPE Group,,False,12731,4,-8162,7717
Ken Huey,,unmarked,HOPE Group,,False,25020,6,-7645,9287
Kokua Recovery,,open,HOPE Group,,False,25020,1,-7765,9058
Mycala Cherry,,unmarked,HOPE Group,,False,15244,2,-7410,7713
Novitas Academy,,open,HOPE Group,,True,25020,1,-7432,8772
Randy Oakley,,unmarked,HOPE Group,,False,14955,3,-7351,8019
Spring Ridge Academy,,closed or rebranded,HOPE Group,,True,28749,10,-8428,7521
St Paul's Preparatory Academy,,closed or rebranded,HOPE Group,,False,32074,2,-8619,7877
Suzie Barth Courtney,,unmarked,HOPE Group,,False,14678,2,-8330,7314
Tom Courtney,,unmarked,HOPE Group,,False,11644,2,-7880,7974
Utah Boys Ranch,,closed or rebranded,HOPE Group,,True,25020,1,-8010,8734
Vista Magna RTC,,closed or rebranded,HOPE Group,,True,28749,2,-8841,7290
Vista Treatment Centers,,closed or rebranded,HOPE Group,,True,28749,1,-8841,8065
West Ridge Academy,,open,HOPE Group,,True,25020,5,-7804,8435
Zion HIlls Academy,,closed or rebranded,HOPE Group,,False,27103,3,-8417,9287
Closed or rebranded,,closed or rebranded,Key,,False,26352,0,-17116,-4929
Currently Open,,open,Key,,False,26352,0,-17443,-4929
NATSAP Member,,unmarked,Key,,True,26352,0,-17443,-5099
orgs and people affiliated with TTI facilities,,unmarked,Key,,False,33882,0,-17116,-5111
Arizona Boys Ranch,,closed or rebranded,Rite of Passage,,False,21775,1,-12360,64
Brighter Path Courtland,,open,Rite of Passage,,False,21775,2,-13846,-228
Brighter Path Owens Cross Roads,,closed or rebranded,Rite of Passage,,False,33176,2,-13678,2080
Camp SAYLA,,open,Rite of Passage,,False,29501,1,-12342,1077
Canyon State Academy,,open,Rite of Passage,,False,23228,2,-12868,341
Clarinda Academy,,closed or rebranded,Rite of Passage,,False,21775,3,-13384,356
Falcon Ridge Ranch,,open,Rite of Passage,,False,26861,4,-12510,905
Forest Ridge Youth Services,,open,Rite of Passage,,False,33421,2,-12921,-159
Gateway Academy,,open,Rite of Passage,,False,25020,2,-13331,3358
Jordan Larsen,,unmarked,Rite of Passage,,False,14629,3,-14055,3110
Lakeside Academy of Kansas,,closed or rebranded,Rite of Passage,,False,32762,1,-12748,1169
Laurel Oaks Behavioral Health Center,,open,Rite of Passage,UHS,False,40119,2,-12349,1297
Lava Heights Academy,,open,Rite of Passage,,False,25715,3,-12831,647
Mark Moses,,unmarked,Rite of Passage,,False,13462,3,-13549,-35
Monarch School,,closed or rebranded,Rite of Passage,,False,28749,2,-12307,-221
Mount Pleasant Academy,,closed or rebranded,Rite of Passage,,False,30999,1,-12343,1610
Pathway of Madison County,,closed or rebranded,Rite of Passage,,False,33176,1,-13702,2330
Penny Baker,,unmarked,Rite of Passage,,False,10134,2,-12525,3158
Provo Canyon School Springville Campus,,open,Rite of Passage,UHS,True,32199,2,-11812,2470
"Rite of Passage, Inc",,open,Rite of Passage,,False,60248,7,-12205,624
"Salesi ""Nale"" Misinale Fakahua",,unmarked,Rite of Passage,,False,15405,3,-12498,380
Sequel TSI Courtland,,closed or rebranded,Rite of Passage,,False,21775,3,-13678,1762
Sequel TSI Owens Cross Roads,,closed or rebranded,Rite of Passage,,False,31271,3,-13360,2080
Sequel TSI Paint Rock Valley,,closed or rebranded,Rite of Passage,,False,27573,2,-13416,2343
Sequel Youth and Family Services,,open,Rite of Passage,,False,87370,19,-13130,1405
Three Springs Blue Ridge,,closed or rebranded,Rite of Passage,,True,28749,1,-12925,2559
Three Springs Courtland,,closed or rebranded,Rite of Passage,,True,21775,2,-13837,2817
Three Springs Duck River,,closed or rebranded,Rite of Passage,,True,21775,2,-12942,2343
Three Springs Inc.,,closed or rebranded,Rite of Passage,,False,60763,9,-12279,2815
Three Springs New Beginning,,closed or rebranded,Rite of Passage,,True,32225,2,-13002,2077
Three Springs Paint Rock Valley,,closed or rebranded,Rite of Passage,,True,36682,2,-13416,2713
"""Brother Bryan"" Clemensen",,unmarked,Roloff,,False,15439,3,-7350,-11804
"""Brother Jim"" Clemenson",,unmarked,Roloff,,False,15439,3,-7179,-12023
ABM Ministries,,unmarked,Roloff,,False,54786,1,-7965,-11470
Agape Baptist Academy,,closed or rebranded,Roloff,,False,28749,2,-7350,-10784
Agape Baptist Church,,open,Roloff,,False,37481,1,-7713,-10071
Agape Boarding School,,closed or rebranded,Roloff,,False,28749,11,-7350,-10387
Agape Boys Ranch,,closed or rebranded,Roloff,,False,25020,6,-7350,-11250
Anchor Academy,,open,Roloff,,False,28749,1,-6288,-10656
Anchor Home for Boys,,closed or rebranded,Roloff,,False,28749,2,-5987,-10656
Ben Forrester,,unmarked,Roloff,,False,15439,3,-7039,-11395
Berean Baptist Church,,unmarked,Roloff,,False,27105,2,-6817,-11624
Bethesda Home for Girls,,closed or rebranded,Roloff,,False,28749,3,-5745,-10656
Bible Baptist Temple,,closed or rebranded,Roloff,,False,29324,1,-6425,-11881
Boyd Householder,,unmarked,Roloff,,False,17733,3,-6667,-11157
Brent Jackson,,unmarked,Roloff,,False,15439,2,-6966,-10552
Cedar County Sheriff's Department,,open,Roloff,,False,105191,3,-8232,-10387
Christian Life Boarding Academy,,closed or rebranded,Roloff,,False,29880,1,-5547,-11005
Christopher Allison,,unmarked,Roloff,,False,15439,2,-7617,-11395
Circle of Hope Girls' Ranch,,closed or rebranded,Roloff,,False,29859,6,-7088,-11017
David Bosley,,unmarked,Roloff,,False,15439,3,-7350,-10011
David Smock,,unmarked,Roloff,,False,15439,2,-6966,-10276
Genesis by the Sea,,closed or rebranded,Roloff,,False,28749,2,-5326,-12109
Jason Derkson,,unmarked,Roloff,,False,15439,2,-7132,-10112
Jeffrey Ables,,unmarked,Roloff,,False,15439,2,-6817,-11335
Julio Sandoval,,unmarked,Roloff,,False,11476,4,-7733,-10817
"Kathy ""Ma'am"" Clemenson",,unmarked,Roloff,,False,15439,3,-7545,-12023
Legacy Academy Adventures,,closed or rebranded,Roloff,,False,35057,2,-6519,-10276
Lester Roloff,,unmarked,Roloff,,False,22575,7,-5745,-11245
Lighthouse Christian Academy,,closed or rebranded,Roloff,,False,28749,2,-7965,-11083
Lighthouse for Boys,,closed or rebranded,Roloff,,False,28749,1,-6144,-10870
Lighthouse of Northwest Florida,,closed or rebranded,Roloff,,False,28749,1,-5251,-11500
Marvelous Grace Girls Academy,,closed or rebranded,Roloff,,False,37246,1,-5305,-10197
Master's Ranch Christian Academy,,open,Roloff,,False,34242,3,-7541,-9782
Master's Ranch Girls' Academy,,closed or rebranded,Roloff,,False,34242,1,-7943,-9782
Master's Ranch Junior High,,open,Roloff,,False,34242,2,-7139,-9782
Mike Palmer,,unmarked,Roloff,,False,15439,2,-5461,-11844
Mountain Park Baptist Boarding Academy,,closed or rebranded,Roloff,,False,38232,4,-5745,-10334
Nathan Day,,unmarked,Roloff,,False,14198,2,-5745,-10063
New Beginnings Girls' Academy,,closed or rebranded,Roloff,,False,37246,3,-5326,-10846
Palm Lane Baptist Boarding Academy,,closed or rebranded,Roloff,,False,38232,1,-6243,-10334
Patti Palmer,,unmarked,Roloff,,False,15439,2,-5202,-11844
People's Baptist Church,,open,Roloff,,False,38037,1,-5745,-11806
Rebekah Home for Girls,,closed or rebranded,Roloff,,False,28749,4,-5326,-11233
"Rev Bobby Ray ""Papa"" Wills",,unmarked,Roloff,,False,17049,3,-5456,-10656
Riverside Baptist Church,,open,Roloff,,False,29324,2,-6425,-11453
Robert Graves,,unmarked,Roloff,,False,8001,2,-7741,-10586
Roloff Evangelistic Enterprises,,open,Roloff,,False,66019,1,-6068,-11557
Stephanie Householder,,unmarked,Roloff,,False,20860,2,-6810,-10748
Steven Blankenship,,unmarked,Roloff,,False,15439,2,-5251,-10607
Stone of Help Group Homes,,unmarked,Roloff,,False,30681,1,-6804,-10112
Thanks to Calvary,,closed or rebranded,Roloff,,False,25020,1,-6152,-10063
Victory Christian Academy,,closed or rebranded,Roloff,,False,28749,4,-5522,-11565
William Marshall,,unmarked,Roloff,,False,15439,2,-6425,-11157
Wings of Faith Girls Academy,,closed or rebranded,Roloff,,False,28749,1,-7807,-10387
Alberta Adolescent Recovery Centre,,closed or rebranded,Synanon,,False,38817,2,-13643,-3544
Alcoholics Anonymous,,open,Synanon,,False,73561,3,-15760,-5745
All Addicts Anonymous,,open,Synanon,,False,49254,2,-15760,-5126
Allynwood Academy,,closed or rebranded,Synanon,,True,25020,1,-15766,-3543
Betty Argiros,,unmarked,Synanon,,False,13622,5,-15535,-4493
Betty Sembler,,unmarked,Synanon,,False,12963,3,-13879,-5017
Bill Wilson,,unmarked,Synanon,,False,13622,2,-16158,-5745
"Charles ""Chuck"" Dederich",,unmarked,Synanon,,False,13622,2,-15393,-5745
Dean Vause,,unmarked,Synanon,,False,13078,3,-13522,-4132
Drug-Free America Foundation,,open,Synanon,,False,28049,2,-12915,-4874
East Ridge Recovery Center,,closed or rebranded,Synanon,,False,40882,3,-15760,-4763
"Emmanuel ""Mike"" Argiros",,unmarked,Synanon,,False,15272,2,-15766,-4237
Family Foundation School,,closed or rebranded,Synanon,,True,36636,3,-15766,-3959
Florida Gov. Jeb Bush,,unmarked,Synanon,,False,25020,3,-11916,-5081
George Ross,,unmarked,Synanon,,False,13622,4,-12850,-5354
George W Bush,,unmarked,Synanon,,False,25020,3,-11916,-5354
Governor George W. Bush of Texas,1995-2000,unmarked,Synanon,,False,50766,2,-11642,-5673
Helen Gowanny,,unmarked,Synanon,,False,11507,2,-14260,-4177
Holiday Magic,,closed or rebranded,Synanon,,False,20850,4,-14243,-5262
John Hanley Sr,,unmarked,Synanon,,False,13480,3,-13609,-5260
KHK a Pathway Family Center,,closed or rebranded,Synanon,,False,31035,1,-12346,-4763
KIDS Centers of America,,closed or rebranded,Synanon,,False,25020,5,-12832,-4132
KIDS of Bergen County,,closed or rebranded,Synanon,,False,33215,4,-13153,-4028
KIDS of Greater Salt Lake,,closed or rebranded,Synanon,,False,33362,3,-14077,-3669
KIDS of North New Jersey,,closed or rebranded,Synanon,,False,29769,1,-13153,-3732
KIDS of Southern California,,closed or rebranded,Synanon,,False,27446,2,-13365,-4265
KIDS of the Canadian West,,closed or rebranded,Synanon,,False,31263,3,-13574,-3857
Kids Helping Kids,,closed or rebranded,Synanon,,False,25020,3,-12197,-5097
"Kids Helping Kids of Hebron, KY",,closed or rebranded,Synanon,,False,28049,2,-12197,-5354
LIFE,,closed or rebranded,Synanon,,False,25020,1,-12850,-5668
Law Enforcement Assistance Administration,,closed or rebranded,Synanon,,False,79520,1,-14388,-4461
Leadership Dynamics,,closed or rebranded,Synanon,,False,20850,4,-14243,-5595
Life-Line Inc,,closed or rebranded,Synanon,,True,28749,3,-14702,-3745
LifeSpring Seminars,,closed or rebranded,Synanon,,False,20850,2,-13112,-5432
Loretta Parrish,,unmarked,Synanon,,False,14291,2,-12142,-4629
Mel Sembler,,unmarked,Synanon,,False,12963,3,-13879,-4681
Michael Scaletta,,unmarked,Synanon,,False,11507,2,-12149,-4407
Milller Newton,,unmarked,Synanon,,False,13078,3,-12924,-4547
Mind Dynamics,,closed or rebranded,Synanon,,False,20850,4,-13948,-5595
Pathway Family Cener,,open,Synanon,,False,25020,2,-14288,-3955
Possibilities Unlimited,,closed or rebranded,Synanon,,False,29278,1,-12512,-5605
President George W. Bush of the United States of America,2000-2008,unmarked,Synanon,,False,63543,1,-12118,-5688
Rita Argiros,,unmarked,Synanon,,False,13622,2,-15766,-4361
SAFE Inc,,closed or rebranded,Synanon,,False,25020,3,-11687,-4523
STRAIGHT Southern California,,closed or rebranded,Synanon,,False,28295,2,-13365,-4521
Straight Inc Cincinnati,,closed or rebranded,Synanon,,False,25020,2,-12591,-5097
Straight Inc Michigan,,closed or rebranded,Synanon,,False,25020,3,-14020,-4360
Straight Inc Orlando,,closed or rebranded,Synanon,,False,25020,3,-12431,-4407
Straight Inc.,,closed or rebranded,Synanon,,False,25020,9,-13339,-4875
Synanon,,closed or rebranded,Synanon,,False,146947,6,-15073,-5310
The Seed,,closed or rebranded,Synanon,,False,25020,4,-14388,-4875
Tom Powers,,unmarked,Synanon,,False,13622,2,-15760,-5446
Tony Argiros,,unmarked,Synanon,,False,13622,5,-15995,-4493
W. Kimball DeLaMare,,unmarked,Synanon,,False,15746,4,-12919,-3591
William Penn Patrick,,unmarked,Synanon,,False,8755,3,-14050,-5417
Anderson Academy,,closed or rebranded,Teen Challenge,Teen Challenge,False,25020,2,-13225,-8455
Boise Girls Academy,,open,Teen Challenge,Teen Challenge,False,25020,1,-13768,-8447
Brush Creek Academy,,open,Teen Challenge,Teen Challenge,False,25020,1,-13225,-9088
Columbus Girls Academy,,open,Teen Challenge,Teen Challenge,False,30610,1,-13751,-8859
Evangelhouse Christian Academy,,open,Teen Challenge,Teen Challenge,True,36403,1,-12841,-8648
Evangeline Christian Academy,,closed or rebranded,Teen Challenge,Teen Challenge,False,30100,2,-12841,-8906
Gateway Academy,,open,Teen Challenge,Teen Challenge,True,25020,2,-13225,-8661
Kansas City Girls Academy,,open,Teen Challenge,Teen Challenge,False,30260,1,-13758,-8655
Lakeland Girls Academy,,closed or rebranded,Teen Challenge,Teen Challenge,False,32624,1,-13219,-8859
Lifeline for Youth,,open,Teen Challenge,,False,25020,3,-14802,-9367
New Hope Boys Home,,open,Teen Challenge,Teen Challenge,False,25020,1,-14133,-8482
New Lifehouse Academy,,open,Teen Challenge,Teen Challenge,False,30610,1,-13751,-9073
Teen Challenge,,open,Teen Challenge,Teen Challenge,False,75995,11,-13489,-8191
Teen Challenge of Acadiana Inc,,closed or rebranded,Teen Challenge,Teen Challenge,False,30100,2,-12841,-9208
Treasure Coast Boys Academy,,open,Teen Challenge,Teen Challenge,False,25020,1,-13088,-8191
Academy at Canyon Creek,,closed or rebranded,UHS,UHS,True,28951,4,-11430,2470
Academy of New Horizons,,closed or rebranded,UHS,,False,25892,1,-9806,2963
Alabama Clinical Schools,,open,UHS,UHS,False,27330,3,-10398,-318
Ascent Wilderness Therapy,,closed or rebranded,UHS,Brown Schools/CEDU,True,29464,8,-10442,1641
Auldern Academy,,closed or rebranded,UHS,,True,25020,2,-11005,2762
Bernalillo Academy,,closed or rebranded,UHS,,False,21775,2,-9852,673
Brian Rossiter,,unmarked,UHS,,False,10188,3,-9499,2289
Carlbrook School,,closed or rebranded,UHS,,False,25020,4,-9949,-172
Catherine Freer Wilderness Therapy,,closed or rebranded,UHS,,True,36311,2,-9984,2348
Crossroads' Turning Points Recovery Center,,open,UHS,,False,40447,1,-9896,1238
Dean Bonnano,,unmarked,UHS,,False,10892,2,-9686,890
Fred Peipman,,unmarked,UHS,,False,9513,2,-9623,328
Gulf Coast Treatment Center,,open,UHS,UHS,False,25020,1,-10902,224
Guy LeGuyonne,,unmarked,UHS,,False,14513,2,-9716,2396
Hill Crest Behavioral Health,,open,UHS,UHS,False,33744,2,-10703,-311
Intermountain Hospital,,open,UHS,UHS,True,40119,3,-10621,532
J. Huffine,,unmarked,UHS,,False,9389,4,-10099,1911
Janet Lippold,,unmarked,UHS,,False,14130,3,-11261,1033
Jim Graves,,unmarked,UHS,,False,11644,2,-9427,3080
Jonathan Gurney,,unmarked,UHS,,False,12140,2,-10392,88
Kelly Hollis,,unmarked,UHS,,False,8952,2,-10293,1258
Larry Blakey,,unmarked,UHS,,False,12087,2,-10973,1887
Laurel Hills Behavioral Health,,closed or rebranded,UHS,UHS,False,32670,2,-10953,-311
Meridell Achievement Center,,open,UHS,UHS,True,37239,2,-10691,1217
Nick Pakidko,,unmarked,UHS,,False,11427,2,-9570,1110
Okaloosa Youth Academy,,open,UHS,UHS,False,25020,1,-11212,-431
Provo Canyon School,,open,UHS,UHS,True,67343,15,-11561,1865
Rosemary Tippett,,unmarked,UHS,,False,14629,2,-10254,3015
Santiam Crossing,,closed or rebranded,UHS,,True,28749,2,-9984,2743
Southeast Alabama Youth Leadership Academy,,open,UHS,,False,47740,2,-11724,1068
Timberlawn Behavioral Health System,,closed or rebranded,UHS,UHS,False,40119,1,-11479,-431
Tracy Schrunk,,unmarked,UHS,,False,9573,6,-10273,714
UHS of Kootenai River,,open,UHS,UHS,False,25020,1,-9483,140
Universal Health Services,,open,UHS,UHS,False,66039,19,-11351,224
VisionQuest,,open,UHS,,False,28749,1,-10974,2526
WIllow Huffine,,unmarked,UHS,,False,9389,4,-9928,1824
Wayne Lippold,,unmarked,UHS,,False,14130,3,-11261,759
Westwood Boys Ranch,,closed or rebranded,UHS,UHS,False,25020,4,-11090,1217
Westwood Program,,open,UHS,UHS,False,25020,3,-11103,1568
Willow Springs Center,,open,UHS,UHS,False,35621,1,-9749,32
Bernie Farrow,,unmarked,Unframed,,False,11054,3,-12635,9151
Mike Strader,,unmarked,Unframed,,False,12445,3,910,11673
Oxford Group,,closed or rebranded,Unframed,,False,40882,1,-16516,-5745
Tere Snodgrass,,unmarked,Unframed,,False,28749,1,-12081,3418
Whitmore Academy,,closed or rebranded,Unframed,,False,25020,1,-13075,9151
Adam Shapiro,,unmarked,Vivant,,False,10296,4,-7498,-6685
Alachua Academy,,open,Vivant,Vivant,False,21775,3,-9029,-6975
Casa Grande Academy,,open,Vivant,Vivant,False,21775,2,-9301,-7203
Columbus Youth Academy,,open,Vivant,Vivant,False,27260,3,-9378,-7528
Duval Academy,,open,Vivant,Vivant,False,21775,3,-8636,-7167
Fort Myers Academy,,open,Vivant,,False,21775,1,-9741,-6788
G4s Youth Services LLC,,closed or rebranded,Vivant,,False,21775,1,-10240,-7382
Glen Mills School,,closed or rebranded,Vivant,,False,21775,1,-7498,-7300
Grace Christian Home for Girls,,closed or rebranded,Vivant,,False,40942,1,-7085,-7353
Highlands Youth Academy,,closed or rebranded,Vivant,,False,21775,1,-9752,-6612
Jacksonville Youth Academy,,open,Vivant,,False,33039,1,-10235,-6823
Jay Ripley,,unmarked,Vivant,,False,21775,3,-9500,-6569
Lake Academy,,closed or rebranded,Vivant,,False,21775,1,-10231,-6612
Les Peters Academy,,open,Vivant,,False,21775,1,-9812,-7186
Marion Youth Academy,,closed or rebranded,Vivant,Vivant,False,21775,2,-9706,-7790
Mingus Mountain Academy,,open,Vivant,Vivant,False,32876,3,-8008,-7555
Norris Academy,,open,Vivant,Vivant,False,21775,1,-8386,-7376
Oak Grove Academy,,open,Vivant,Vivant,False,21775,1,-8917,-7306
Orlando Intensive Youth Academy,,open,Vivant,,False,29449,1,-9926,-7395
Polk Halfway House,,open,Vivant,,False,21775,1,-9711,-6987
Rachel Steinberg,,unmarked,Vivant,,False,10188,2,-6731,-7620
TrueCore Behavioral Solutions,,open,Vivant,,False,60763,12,-10068,-7091
Vivant Behavioral Healthcare,,open,Vivant,Vivant,False,97279,10,-8765,-7685
A Better Way Youth Academy,,closed or rebranded,WWASPS,WWASPS,False,25020,1,-4069,-9797
Academy at Dundee Ranch,,closed or rebranded,WWASPS,WWASPS,False,31341,4,-2761,-11360
Academy at Ivy Ridge,,closed or rebranded,WWASPS,WWASPS,False,25020,1,-3321,-10650
Adam Ahquin,,unmarked,WWASPS,,False,12126,5,-1827,-12063
Ballard Sheppard,,unmarked,WWASPS,,False,16002,2,-1751,-9111
Barry Woodward,,unmarked,WWASPS,,False,16495,3,-2482,-12126
Bell Academy,,closed or rebranded,WWASPS,WWASPS,False,25020,3,-2978,-11547
Bethel Academy for Girls,,closed or rebranded,WWASPS,WWASPS,False,28600,3,-4186,-10897
Bethel Baptist Children's Home,,closed or rebranded,WWASPS,,False,38773,2,-4738,-11102
Bethel Boys Academy,,closed or rebranded,WWASPS,WWASPS,False,25020,5,-4434,-10897
Bill Henry,,unmarked,WWASPS,,False,16002,2,-1413,-9664
Bootcamps for Teens,,closed or rebranded,WWASPS,WWASPS,False,20850,1,-4776,-11274
Brent Charles Hall,,unmarked,WWASPS,,False,25020,3,-2391,-10093
Brent Facer,,unmarked,WWASPS,,False,14198,2,-4309,-9432
Brianna Roselles,,unmarked,WWASPS,,False,8398,3,-2400,-9209
Brightway Adolescent Hospital,,closed or rebranded,WWASPS,WWASPS,False,34581,2,-3626,-10087
Browning Distance Learning Academy,,closed or rebranded,WWASPS,WWASPS,False,45790,1,-4805,-9920
Cameron Pullan,,unmarked,WWASPS,,False,12126,2,-1661,-11717
Carolina Springs Academy,,closed or rebranded,WWASPS,WWASPS,False,32451,3,-2922,-12150
Casa by the Sea,,closed or rebranded,WWASPS,WWASPS,False,27331,4,-2709,-10295
Chaffin Pullan,,unmarked,WWASPS,,False,14198,2,-1661,-11241
Challenger Foundation,,closed or rebranded,WWASPS,,False,33534,5,-1749,-9513
Challenger Hawaii,,closed or rebranded,WWASPS,,False,33534,2,-1868,-9927
Challenger Utah,,closed or rebranded,WWASPS,,False,33534,2,-1453,-9987
Chilanko Lodge,,closed or rebranded,WWASPS,,False,25020,1,-2362,-9934
Clayton Ahquin,,unmarked,WWASPS,,False,12126,2,-1827,-11686
Come Back Youth Services,,closed or rebranded,WWASPS,WWASPS,False,25020,1,-2615,-10542
Community Psychiatric Centers,,open,WWASPS,,False,32124,1,-3623,-8026
Cross Creek Academy,,closed or rebranded,WWASPS,WWASPS,False,29260,1,-3030,-9521
Cross Creek Center for Boys,,closed or rebranded,WWASPS,WWASPS,False,27103,1,-3030,-9938
Cross Creek Manor for Girls,,closed or rebranded,WWASPS,WWASPS,False,27103,4,-2806,-10093
Cross Creek Programs,,closed or rebranded,WWASPS,WWASPS,False,29108,10,-3285,-9793
Dace Goulding,,unmarked,WWASPS,,False,14198,6,-2257,-11124
Dan Peart,,unmarked,WWASPS,,False,14198,2,-3459,-11297
Darrington Academy,,closed or rebranded,WWASPS,WWASPS,False,25020,3,-2666,-10951
David Gilcrease,,unmarked,WWASPS,,False,12255,5,-4710,-8284
Dusky Goulding,,unmarked,WWASPS,,False,14198,3,-2257,-10643
Eagle Point Christian Academy,,closed or rebranded,WWASPS,WWASPS,False,25020,3,-4434,-10650
Eugenia Collins,,unmarked,WWASPS,,False,14198,2,-3439,-10429
Georgia Department of Human Resources,,open,WWASPS,,False,80822,1,-1607,-8656
"Glenda ""Glen"" Roach",,unmarked,WWASPS,,False,14198,3,-4321,-11867
Gulf Coast Academy,,closed or rebranded,WWASPS,WWASPS,False,25020,2,-4434,-10342
Heritage Homestead,,open,WWASPS,,True,25020,1,-4471,-8506
Heritage Schools (Heritage RTC),,open,WWASPS,,True,37173,3,-4372,-8837
Herman Fountain,,unmarked,WWASPS,,False,15439,4,-4774,-10897
High Impact,,closed or rebranded,WWASPS,WWASPS,False,25020,2,-4258,-11448
Horizon Academy,,closed or rebranded,WWASPS,WWASPS,False,25020,5,-1963,-8757
J Ralph Atkin,,unmarked,WWASPS,,False,27103,4,-3568,-11038
Jade Robinson,,unmarked,WWASPS,,False,25020,7,-1979,-9382
Jake Roberts,,unmarked,WWASPS,,False,10316,2,-2914,-9184
Jay Kay,,unmarked,WWASPS,,False,14198,2,-4805,-10458
Joe Atkin,,unmarked,WWASPS,,False,14198,2,-3934,-11214
Joe F Akins,,unmarked,WWASPS,,False,12492,2,-4315,-8228
"John ""Brother Fountain""",,unmarked,WWASPS,,False,15439,2,-4703,-10635
Kami Black,,unmarked,WWASPS,,False,12140,3,-4221,-9234
Karr Farnsworth,,unmarked,WWASPS,,False,29108,2,-3436,-9456
Ken Kay,,unmarked,WWASPS,,False,14198,5,-4678,-10169
Kentucky River Academy,,unmarked,WWASPS,,False,25020,1,-1793,-10101
Kevin RIchey,,unmarked,WWASPS,,False,14198,4,-4505,-11547
"Lance ""Horsehair"" Jaggar",,unmarked,WWASPS,,False,14767,2,-1407,-9250
Liahona Academy,,open,WWASPS,WWASPS,True,25020,2,-2335,-11686
Majestic Ranch Academy,,closed or rebranded,WWASPS,WWASPS,False,29874,2,-1661,-10646
Maximum Life Skills Academy,,closed or rebranded,WWASPS,,False,27395,1,-1386,-11832
Meadowlark Academy,,closed or rebranded,WWASPS,,False,28950,1,-4776,-11793
MidWest Academy,,closed or rebranded,WWASPS,WWASPS,False,25020,1,-3947,-10650
Morava Academy,,closed or rebranded,WWASPS,WWASPS,False,27103,5,-3329,-11738
Narvin Lichfield,,unmarked,WWASPS,,False,14198,5,-3764,-10342
New Hope Academy,,closed or rebranded,WWASPS,WWASPS,False,33534,3,-2610,-9540
Norm Thibault,,unmarked,WWASPS,,False,12000,2,-4143,-8598
Old West Academy,,closed or rebranded,WWASPS,WWASPS,False,25020,1,-1247,-10646
Olympus Academy,,closed or rebranded,WWASPS,,False,27395,1,-3171,-7858
Olympus View Hospital RTC,,open,WWASPS,,False,32124,2,-2300,-11937
Pacific Coast Academy,,closed or rebranded,WWASPS,WWASPS,False,33534,2,-2646,-9050
Paradise Cove,,closed or rebranded,WWASPS,WWASPS,False,25020,2,-4069,-10122
Pillars of Hope,,closed or rebranded,WWASPS,WWASPS,False,25020,1,-2326,-11360
Pine View Christian Academy,,closed or rebranded,WWASPS,WWASPS,False,27467,1,-4186,-11203
Red River Academy,,closed or rebranded,WWASPS,WWASPS,False,25020,3,-1661,-10380
Red Rock Academy,,closed or rebranded,WWASPS,WWASPS,False,27103,2,-3784,-7855
Remuda Ranch Programs,,closed or rebranded,WWASPS,,True,25020,2,-2570,-8343
Remuda Ranch Programs for Anorexia and Bulimia,,closed or rebranded,WWASPS,,True,33113,1,-2926,-8400
Resource Realizations,,closed or rebranded,WWASPS,,False,31999,1,-4930,-8898
Robert B. Lichfield,,unmarked,WWASPS,,False,35725,4,-3833,-10938
Robert W. Lichfield,,unmarked,WWASPS,,False,14198,2,-3697,-11610
Second Chances in Southern Utah,,closed or rebranded,WWASPS,,False,32371,1,-1386,-12086
Seneca Ranch,,closed or rebranded,WWASPS,WWASPS,False,25020,1,-2922,-11859
Spark Academy,,open,WWASPS,,True,25020,2,-4768,-9155
Spring Creek Lodge Academy,,closed or rebranded,WWASPS,WWASPS,False,31655,5,-1238,-11434
Steve Cartisano,,unmarked,WWASPS,,False,8918,6,-2220,-9489
Steven Roach,,unmarked,WWASPS,,False,14651,3,-3986,-11867
Sunrise Beach,,closed or rebranded,WWASPS,WWASPS,False,27103,2,-4157,-12031
Teen Discovery,,closed or rebranded,WWASPS,WWASPS,False,25020,1,-2908,-10723
Teen Help LLC,,closed or rebranded,WWASPS,WWASPS,False,20850,3,-4309,-9988
Teen Mentor,,closed or rebranded,WWASPS,WWASPS,False,25020,2,-3375,-11943
The International Center for the Study of Psychiatry and Psychology,,unmarked,WWASPS,,False,36708,1,-3325,-8401
The John Dewey Academy,,unmarked,WWASPS,,True,25020,1,-4017,-8854
The Meadows Ranch,,open,WWASPS,,False,25020,2,-2766,-8850
Three Points Center,,open,WWASPS,,True,29108,4,-2351,-8545
Tipton Academy,,closed or rebranded,WWASPS,,False,25020,1,-4505,-11793
Tom Bratter,,unmarked,WWASPS,,False,23265,3,-3643,-8417
Tranquility Bay,,closed or rebranded,WWASPS,WWASPS,False,25020,4,-4183,-10650
US Youth Services,,closed or rebranded,WWASPS,WWASPS,False,25020,1,-1227,-10380
WWASPS,,closed or rebranded,WWASPS,WWASPS,False,30189,30,-4610,-8026
Youth Foundation Success Academy,,closed or rebranded,WWASPS,WWASPS,False,39971,2,-1963,-8395
Academy at Swift River,,closed or rebranded,Wilderness,Aspen,True,28749,12,15597,-2444
Alternative Youth Adventures,,closed or rebranded,Wilderness,Aspen,True,28749,3,15206,-3001
Aspen Institute for Behavioral Assessment,,closed or rebranded,Wilderness,Aspen,True,41982,6,15547,-3471
Aspen Youth Alternatives,,closed or rebranded,Wilderness,Aspen,True,27148,3,15616,-3006
Bridges Boys Academy,,closed or rebranded,Wilderness,,False,28749,2,14330,-2597
Darren Prince,,unmarked,Wilderness,,False,14351,3,16448,-3624
David Freedman,,unmarked,Wilderness,,False,13572,5,16661,-2497
Don Vardell,,unmarked,Wilderness,,False,15428,6,15093,-3767
Erica Thiessen- House,,unmarked,Wilderness,,False,13894,3,14707,-1758
Four Circles Recovery Center,,closed or rebranded,Wilderness,,True,34128,1,16661,-2323
Greg Andrick,,unmarked,Wilderness,,False,10161,2,15373,-3831
Island View RTC,,closed or rebranded,Wilderness,Aspen,True,25619,17,16143,-3103
Jared Balmer,,unmarked,Wilderness,,False,25020,5,16307,-2409
Larry Solie,,unmarked,Wilderness,,False,28749,2,14330,-1936
Malynda Scott,,unmarked,Wilderness,,False,13572,4,15112,-4006
Michael Charnley,,unmarked,Wilderness,,False,13664,4,15935,-2167
National Association of Therapeutic Wilderness Camping,,closed or rebranded,Wilderness,,False,77529,2,12195,-2755
National Association of Therapeutic Wilderness Camps,,open,Wilderness,,False,77529,1,13281,-2744
Outdoor Behavioral Healthcare Industry Council,,unmarked,Wilderness,,False,70765,2,14514,-2902
Outdoor Behavioral Healthcare Research Center,,unmarked,Wilderness,,False,77529,1,12084,-4158
Passages to Recovery,,closed or rebranded,Wilderness,Aspen,True,28749,2,16377,-2773
Rick Jackson,,unmarked,Wilderness,,False,13573,4,15589,-3733
SunHawk Academy,,closed or rebranded,Wilderness,Aspen,True,28749,2,15600,-1773
Tammy Prince Behrman,,unmarked,Wilderness,,False,14351,5,16683,-3425
Trina Packard,,unmarked,Wilderness,,False,13573,2,16429,-3240
True North Wilderness Program,,open,Wilderness,,False,34738,1,13422,-4139
Turn-About Ranch,,open,Wilderness,Aspen,True,28749,6,15642,-3897
Turnbridge,,open,Wilderness,,False,25020,1,16750,-3787
Vermont State Board of Education,,open,Wilderness,,False,49191,1,12264,-3338
Viewpoint Center,,open,Wilderness,FHW,False,28749,3,15152,-3395
WayPoint Academy,,open,Wilderness,,True,25020,3,16228,-1927
Youth Care of Utah,,open,Wilderness,Aspen,True,28749,2,14073,-3093
Arkansas Juvenile Assessment and Treatment Center,,open,YOI,,False,41165,1,-14293,-1252
Bledsoe Youth Academy,,open,YOI,,False,25020,1,-14887,-2016
Broward Youth Treatment Center,,open,YOI,,False,32966,1,-14909,-2635
Crestview Youth Academy,,open,YOI,,False,25020,1,-14526,-2617
Deep Creek Youth Academy,,open,YOI,,False,28846,1,-14526,-2422
Everglades Youth Academy,,open,YOI,,False,25020,1,-14909,-2422
Kissimmee Youth Academy,,open,YOI,,False,25020,1,-14887,-2200
Mansfield Juvenile Treatment Center,,open,YOI,,False,35057,2,-14033,-1808
Ronald D Hunter,,unmarked,YOI,,False,15439,2,-14033,-3124
Rosewood Youth Academy,,open,YOI,,False,25020,1,-14560,-2016
St Augustine Youth Academy,,open,YOI,,False,34275,1,-14526,-2247
Youth Opportunity Foundation,,open,YOI,,False,92041,2,-14189,-2761
Youth Opportunity Investments,,open,YOI,,False,64332,11,-14777,-3175
Ashcreek Academy,,open,YSI,,False,25020,1,-10807,-3891
Ashcreek Ranch Academy,,closed or rebranded,YSI,,False,30940,4,-10793,-3197
Beloit Juvenile Correctional Facility,,closed or rebranded,YSI,,False,35272,1,-10353,-2874
Chris Laviola,,unmarked,YSI,,False,9780,2,-9440,-2706
Dan Tadlock,,unmarked,YSI,,False,12087,3,-9619,-2313
Eugene Thorn,,unmarked,YSI,,False,9826,2,-9177,-3655
Georgia Military School,,closed or rebranded,YSI,,False,21775,1,-9884,-2980
Hawk's Landing Therapeutic Home for Boys,,open,YSI,,True,36512,2,-9910,-2459
Hillsborough Girls Academy,,open,YSI,,False,28987,1,-9867,-3361
Innercept,,closed or rebranded,YSI,,True,28749,6,-10913,-2674
John Schrom,,unmarked,YSI,,False,14629,1,-10208,-1837
Julie Schrom,,unmarked,YSI,,False,14629,1,-9884,-1837
Kansas Industrial School for GIrls,,closed or rebranded,YSI,,False,38066,1,-10353,-3405
Keystone Education and Youth Services,,closed or rebranded,YSI,,False,46487,2,-8449,-2923
"Paradigm Treatment Center Coeur D'Alene, ID",,open,YSI,,True,35301,1,-10842,-4125
Psychiatric Solutions Inc,,closed or rebranded,YSI,,False,46487,3,-8754,-3103
Ramsay Youth Services,,open,YSI,,False,32670,2,-9161,-2979
Schrom Boy's Home @ Hawk's Landing,,closed or rebranded,YSI,,True,34966,3,-10080,-2069
Schrom Boys' Home,,closed or rebranded,YSI,,True,25089,2,-10182,-2352
South Florida Youth Academy,,open,YSI,,False,28062,1,-9859,-3610
Tampa Residential Facility,,open,YSI,,False,29538,1,-10399,-3652
Tonna Lawrenson,,unmarked,YSI,,False,12718,2,-9621,-3230
Wayne Halfway House,,open,YSI,,False,55987,3,-8941,-3375
Western Youth,,closed or rebranded,YSI,,False,21775,1,-9324,-3157
Woodward Academy,,open,YSI,,False,27770,3,-9454,-2979
Youth Center at Beloit,,closed or rebranded,YSI,,False,23872,3,-10353,-3139
Youth Services International,,closed or rebranded,YSI,,False,69534,3,-9324,-3403
