state,unique_name,facility_count,note
UTAH,Ascent,7,multi-facility UTAH project (7 facilities) — kept for review
UTAH,CERTS,5,multi-facility UTAH project (5 facilities) — kept for review
FLORIDA,Eckerd,26,multi-facility FLORIDA project (26 facilities) — kept for review
CALIFORNIA,Evolve,13,multi-facility CALIFORNIA project (13 facilities) — kept for review
UTAH,Hope,3,multi-facility UTAH project (3 facilities) — kept for review
ILLINOIS,NeuroRestorative,14,multi-facility ILLINOIS project (14 facilities) — kept for review
FLORIDA,TrueCore,12,multi-facility FLORIDA project (12 facilities) — kept for review
UTAH,UTAH,49,multi-facility UTAH project (49 facilities) — kept for review
ALABAMA,Elk River Treatment Program (CLOSED,1,single-facility ALABAMA project; name NOT in mega — review
ALABAMA,Southeastern Psychiatric Management dba Mountain View Hospital Summit Crest Lodge,1,single-facility ALABAMA project; name NOT in mega — review
ARIZONA,All About Kids,2,multi-facility ARIZONA project (2 facilities) — kept for review
ARIZONA,"Back to Life, Inc.",2,multi-facility ARIZONA project (2 facilities) — kept for review
ARIZONA,"Basami House, LLC",2,multi-facility ARIZONA project (2 facilities) — kept for review
ARIZONA,Four Directions,3,multi-facility ARIZONA project (3 facilities) — kept for review
ARIZONA,Intermountain Centers For Human Development,4,multi-facility ARIZONA project (4 facilities) — kept for review
ARIZONA,Mary's Mission And Developmental Center,2,multi-facility ARIZONA project (2 facilities) — kept for review
ARIZONA,Mattie's Care House LLC,2,multi-facility ARIZONA project (2 facilities) — kept for review
ARIZONA,Miss A's LLC,2,multi-facility ARIZONA project (2 facilities) — kept for review
ARIZONA,New Haven Communities LLC,2,multi-facility ARIZONA project (2 facilities) — kept for review
ARIZONA,"New Hope Of Arizona, Inc",12,multi-facility ARIZONA project (12 facilities) — kept for review
ARIZONA,New Horizon Youth Homes,11,multi-facility ARIZONA project (11 facilities) — kept for review
ARIZONA,The Chazen Institute,2,multi-facility ARIZONA project (2 facilities) — kept for review
CALIFORNIA,Beloved Ones,5,multi-facility CALIFORNIA project (5 facilities) — kept for review
CALIFORNIA,Boys Town California,2,multi-facility CALIFORNIA project (2 facilities) — kept for review
CALIFORNIA,Center for Positive Changes,7,multi-facility CALIFORNIA project (7 facilities) — kept for review
CALIFORNIA,CHARLEE Family Care Inc.,2,multi-facility CALIFORNIA project (2 facilities) — kept for review
CALIFORNIA,Delilu Achievement Home,4,multi-facility CALIFORNIA project (4 facilities) — kept for review
CALIFORNIA,Destinations for Teens Residential Program,2,multi-facility CALIFORNIA project (2 facilities) — kept for review
CALIFORNIA,Dimondale Adolescent Care Facility,7,multi-facility CALIFORNIA project (7 facilities) — kept for review
CALIFORNIA,Eggleston - La Verne,2,multi-facility CALIFORNIA project (2 facilities) — kept for review
CALIFORNIA,EMQ FamiliesFirst,2,multi-facility CALIFORNIA project (2 facilities) — kept for review
CALIFORNIA,Ettie Lee Homes - Diamond L. Ranch,1,single-facility CALIFORNIA project; name NOT in mega — review
CALIFORNIA,Fields Comprehensive Youth Services,3,multi-facility CALIFORNIA project (3 facilities) — kept for review
CALIFORNIA,Greenacre Homes,4,multi-facility CALIFORNIA project (4 facilities) — kept for review
CALIFORNIA,Guiding Light Home for Boys,2,multi-facility CALIFORNIA project (2 facilities) — kept for review
CALIFORNIA,Guiding Our Youth,2,multi-facility CALIFORNIA project (2 facilities) — kept for review
CALIFORNIA,Heritage Youth Services,6,multi-facility CALIFORNIA project (6 facilities) — kept for review
NEW MEXICO,Muir Wood Teen Treatment Centers - Bradley Ranch,1,single-facility NEW MEXICO project; name NOT in mega — review
CALIFORNIA,"New Alternatives, Inc.",2,multi-facility CALIFORNIA project (2 facilities) — kept for review
CALIFORNIA,New Beginnings Residential Treatment Facilities,2,multi-facility CALIFORNIA project (2 facilities) — kept for review
CALIFORNIA,Open Line - The Oaks,1,single-facility CALIFORNIA project; name NOT in mega — review
CALIFORNIA,Open Line - Woodcliff,1,single-facility CALIFORNIA project; name NOT in mega — review
CALIFORNIA,Pacific Autism Center for Education,5,multi-facility CALIFORNIA project (5 facilities) — kept for review
CALIFORNIA,Peacock Acres Group Home STRTP,2,multi-facility CALIFORNIA project (2 facilities) — kept for review
CALIFORNIA,Seneca Connections STRTP,2,multi-facility CALIFORNIA project (2 facilities) — kept for review
CALIFORNIA,Tarzana Treatment Centers,2,multi-facility CALIFORNIA project (2 facilities) — kept for review
CALIFORNIA,Unicorn Garden,3,multi-facility CALIFORNIA project (3 facilities) — kept for review
CALIFORNIA,"Varsity Team, Inc.",4,multi-facility CALIFORNIA project (4 facilities) — kept for review
CALIFORNIA,Victor Treatment Center - Romberger House,1,single-facility CALIFORNIA project; name NOT in mega — review
CALIFORNIA,Visions Adolescent Treatment Center,3,multi-facility CALIFORNIA project (3 facilities) — kept for review
CALIFORNIA,Vista Del Mar Child and Family Services STRTP,1,single-facility CALIFORNIA project; name NOT in mega — review
COLORADO,Brad’s House,3,multi-facility COLORADO project (3 facilities) — kept for review
COLORADO,Devereux Cleo Wallace Center,2,multi-facility COLORADO project (2 facilities) — kept for review
COLORADO,Kidz Ark,2,multi-facility COLORADO project (2 facilities) — kept for review
COLORADO,Rocky Mountain Kids,3,multi-facility COLORADO project (3 facilities) — kept for review
FLORIDA,Brighter Heights Florida,2,multi-facility FLORIDA project (2 facilities) — kept for review
FLORIDA,Devereux Florida I/DD Group Homes,2,multi-facility FLORIDA project (2 facilities) — kept for review
FLORIDA,Devereux Florida Residential Group Care,2,multi-facility FLORIDA project (2 facilities) — kept for review
FLORIDA,Devereux Florida Specialized Therapeutic Group Homes,2,multi-facility FLORIDA project (2 facilities) — kept for review
GEORGIA,Appalachian Wilderness Camp,2,multi-facility GEORGIA project (2 facilities) — kept for review
HAWAII,Pacific Quest,3,multi-facility HAWAII project (3 facilities) — kept for review
IDAHO,Innercept,2,multi-facility IDAHO project (2 facilities) — kept for review
IDAHO,Northwest Academy,2,multi-facility IDAHO project (2 facilities) — kept for review
IDAHO,Northwoods,2,multi-facility IDAHO project (2 facilities) — kept for review
IDAHO,Rocky Mountain Academy,2,multi-facility IDAHO project (2 facilities) — kept for review
ILLINOIS,Allendale Association,2,multi-facility ILLINOIS project (2 facilities) — kept for review
INDIANA,Active / Operating Facilities,1,single-facility INDIANA project; name NOT in mega — review
INDIANA,Confirmed Closed Facilities,1,single-facility INDIANA project; name NOT in mega — review
KANSAS,Camber Children’s Residential Mental Health Treatment,2,multi-facility KANSAS project (2 facilities) — kept for review
KENTUCKY,Kentucky Youth Academy,3,multi-facility KENTUCKY project (3 facilities) — kept for review
LOUISIANA,Acadiana Center for Youth,2,multi-facility LOUISIANA project (2 facilities) — kept for review
MAINE,Day One,3,multi-facility MAINE project (3 facilities) — kept for review
MAINE,Sweetser Residential Treatment Center,2,multi-facility MAINE project (2 facilities) — kept for review
MARYLAND,Cheltenham Youth Facility,1,single-facility MARYLAND project; name NOT in mega — review
MARYLAND,Green Ridge Youth Center,1,single-facility MARYLAND project; name NOT in mega — review
MARYLAND,J. DeWeese Carter Center,1,single-facility MARYLAND project; name NOT in mega — review
MARYLAND,Meadow Mountain Youth Center,1,single-facility MARYLAND project; name NOT in mega — review
MARYLAND,Thomas J.S. Waxter Children’s Center,1,single-facility MARYLAND project; name NOT in mega — review
MASSACHUSETTS,Devereux STARR Program,2,multi-facility MASSACHUSETTS project (2 facilities) — kept for review
TEXAS,Anchor Home for Boys,2,multi-facility TEXAS project (2 facilities) — kept for review
MISSOURI,Boys and Girls Town of Missouri,3,multi-facility MISSOURI project (3 facilities) — kept for review
MISSOURI,CALO Programs,3,multi-facility MISSOURI project (3 facilities) — kept for review
MISSOURI,Kanakuk Kamps,2,multi-facility MISSOURI project (2 facilities) — kept for review
MISSOURI,KVC Missouri,4,multi-facility MISSOURI project (4 facilities) — kept for review
MISSOURI,Lakeland Behavioral Health System Residential Treatment Program,2,multi-facility MISSOURI project (2 facilities) — kept for review
MONTANA,Mountain Meadow Youth Ranch,2,multi-facility MONTANA project (2 facilities) — kept for review
TEXAS,St. Jude’s Ranch for Children,2,multi-facility TEXAS project (2 facilities) — kept for review
NEW HAMPSHIRE,Nashua Children’s Home Adolescent Boys Residence,2,multi-facility NEW HAMPSHIRE project (2 facilities) — kept for review
NEW HAMPSHIRE,Nashua Children’s Home The Carriage House,2,multi-facility NEW HAMPSHIRE project (2 facilities) — kept for review
NEW JERSEY,D.O.V.E.S. Residential Community Home,1,single-facility NEW JERSEY project; name NOT in mega — review
NEW JERSEY,KIDS of Bergen County,2,multi-facility NEW JERSEY project (2 facilities) — kept for review
NEW JERSEY,New Hope Integrated Behavioral Healthcare,1,single-facility NEW JERSEY project; name NOT in mega — review
NEW YORK,JBFCS Henry Ittleson Community Residence I,1,single-facility NEW YORK project; name NOT in mega — review
NORTH CAROLINA,New Horizon Group Home,2,multi-facility NORTH CAROLINA project (2 facilities) — kept for review
NORTH CAROLINA,Stepping Stone Services,1,single-facility NORTH CAROLINA project; name NOT in mega — review
NORTH DAKOTA,Dakota Boys and Girls Ranch,3,multi-facility NORTH DAKOTA project (3 facilities) — kept for review
OHIO,Adriel School,2,multi-facility OHIO project (2 facilities) — kept for review
OHIO,The Village Network,4,multi-facility OHIO project (4 facilities) — kept for review
OREGON,Academy at Sisters,2,multi-facility OREGON project (2 facilities) — kept for review
WASHINGTON,Bailie Memorial Youth Ranch,1,single-facility WASHINGTON project; name NOT in mega — review
WASHINGTON,Judge Patricia H. Clark Children and Family Justice Center,1,single-facility WASHINGTON project; name NOT in mega — review
OREGON,New Leaf Academy of Oregon,4,multi-facility OREGON project (4 facilities) — kept for review
SOUTH CAROLINA,Boys Home of the South,1,single-facility SOUTH CAROLINA project; name NOT in mega — review
SOUTH DAKOTA,Our Home Inc.,2,multi-facility SOUTH DAKOTA project (2 facilities) — kept for review
ALABAMA,Tennessee Valley Juvenile Detention,1,single-facility ALABAMA project; name NOT in mega — review
TEXAS,Behavior Training Research,1,single-facility TEXAS project; name NOT in mega — review
TEXAS,Hope for Tomorrow dba Bridge to Hope,1,single-facility TEXAS project; name NOT in mega — review
TEXAS,Presbyterian Children’s Home,2,multi-facility TEXAS project (2 facilities) — kept for review
TEXAS,Straight – Dallas,2,multi-facility TEXAS project (2 facilities) — kept for review
TEXAS,Unity Children’s Home RTC,3,multi-facility TEXAS project (3 facilities) — kept for review
UTAH,Alpine Academy,2,multi-facility UTAH project (2 facilities) — kept for review
UTAH,Apex Youth Services,3,multi-facility UTAH project (3 facilities) — kept for review
UTAH,Ashcreek Ranch Academy,2,multi-facility UTAH project (2 facilities) — kept for review
UTAH,Aspiro Wilderness Adventure Therapy,2,multi-facility UTAH project (2 facilities) — kept for review
UTAH,"Blue Hills Residential Treatment, LLC",2,multi-facility UTAH project (2 facilities) — kept for review
UTAH,Cross Creek Programs,2,multi-facility UTAH project (2 facilities) — kept for review
UTAH,Crossroads Academy RTC,3,multi-facility UTAH project (3 facilities) — kept for review
UTAH,Daniels Academy,2,multi-facility UTAH project (2 facilities) — kept for review
UTAH,Storm Ridge Ranch,2,multi-facility UTAH project (2 facilities) — kept for review
UTAH,Sunrise RTC,2,multi-facility UTAH project (2 facilities) — kept for review
UTAH,Therapy Associates Dba Star Guides,1,single-facility UTAH project; name NOT in mega — review
UTAH,Triumph Youth Services/Triumph Academy – Expeditions,1,single-facility UTAH project; name NOT in mega — review
UTAH,Youth Futures,2,multi-facility UTAH project (2 facilities) — kept for review
VIRGINIA,Braley & Thompson ACCT House,1,single-facility VIRGINIA project; name NOT in mega — review
VIRGINIA,Restorative Youth Services,2,multi-facility VIRGINIA project (2 facilities) — kept for review
WASHINGTON,Daybreak Youth Services,2,multi-facility WASHINGTON project (2 facilities) — kept for review
WEST VIRGINIA,Golden Girl Group Home,2,multi-facility WEST VIRGINIA project (2 facilities) — kept for review
KANSAS,Kansas,2,multi-facility KANSAS project (2 facilities) — kept for review
CALIFORNIA,"3718 Dimaggio Way, Antioch, CA 94509;",4,multi-facility CALIFORNIA project (4 facilities) — kept for review
CALIFORNIA,"Trabuco Canyon, CA;",1,single-facility CALIFORNIA project; name NOT in mega — review
CALIFORNIA,"8983 Coan Ln, Orangevale, CA 95662;",6,multi-facility CALIFORNIA project (6 facilities) — kept for review
CALIFORNIA,"Palm Desert, CA;",1,single-facility CALIFORNIA project; name NOT in mega — review
CALIFORNIA,"1564 W 36th Pl, Los Angeles, CA 90018;",2,multi-facility CALIFORNIA project (2 facilities) — kept for review
CALIFORNIA,"1632 E Dimondale Dr, Carson, CA 90746;",6,multi-facility CALIFORNIA project (6 facilities) — kept for review
CALIFORNIA,"795 Eden Plains Rd, Brentwood, CA 94513;",12,multi-facility CALIFORNIA project (12 facilities) — kept for review
CALIFORNIA,"215 W La Verne Ave, Pomona, CA 91767;",1,single-facility CALIFORNIA project; name NOT in mega — review
CALIFORNIA,"Davis, CA;",1,single-facility CALIFORNIA project; name NOT in mega — review
CALIFORNIA,"2390 Portola St, San Bernardino, CA 92407",1,single-facility CALIFORNIA project; name NOT in mega — review
CALIFORNIA,"7760 Joyce Dr, Sebastopol, CA 95472;",3,multi-facility CALIFORNIA project (3 facilities) — kept for review
CALIFORNIA,"25123 Middlebrook Way, Moreno Valley, CA 92551;",1,single-facility CALIFORNIA project; name NOT in mega — review
CALIFORNIA,"30 Country Wood Dr, Phillips Ranch, CA 91766;",5,multi-facility CALIFORNIA project (5 facilities) — kept for review
CALIFORNIA,"238 S Flower St, Orange, CA 92868;",1,single-facility CALIFORNIA project; name NOT in mega — review
CALIFORNIA,"2464 Slew of Gold Ct, Perris, CA 92571;",1,single-facility CALIFORNIA project; name NOT in mega — review
CALIFORNIA,"San Francisco, CA;",1,single-facility CALIFORNIA project; name NOT in mega — review
CALIFORNIA,"18646 W Oxnard St, Tarzana, CA 91356;",1,single-facility CALIFORNIA project; name NOT in mega — review
CALIFORNIA,"3817 Edith Ln, Bakersfield, CA 93304;",2,multi-facility CALIFORNIA project (2 facilities) — kept for review
CALIFORNIA,"7250 Wiest Rd, Calipatria, CA 92233;",3,multi-facility CALIFORNIA project (3 facilities) — kept for review
CALIFORNIA,"33335 Mulholland Hwy, Malibu, CA 90265;",2,multi-facility CALIFORNIA project (2 facilities) — kept for review
