state,unique_name,facility_count,sample_facility_names
UTAH,Ascent,7,Discovery Academy | Discovery Ranch South | Discovery Ranch
UTAH,CERTS,5,Kaizen Academy | La Europa Academy | Kolob Canyon RTC
CALIFORNIA,Evolve,13,Arden Oaks RTC | Danville RTC | Lafayette RTC
UTAH,Hope,3,Havenwood Academy | Havenwood North | Havenwood Ranch
ILLINOIS,NeuroRestorative,14,NeuroRestorative Academy Cardinals House | NeuroRestorative Bears House | NeuroRestorative Berkshire House
INDIANA,Pathway,4,Pathway Family Center | Pathway Family Center | Pathway Family Center
FLORIDA,TrueCore,12,Fort Myers Academy | Highlands Youth Academy | Hillsborough Girls Academy
UTAH,UTAH,49,Discovery Academy | Discovery Ranch South | Discovery Ranch
ALABAMA,Alabama Baptist Children’s Homes - Dothan,1,Alabama Baptist Children’s Homes - Dothan
ALABAMA,Dallas County Juvenile Detention Center,1,Dallas County Juvenile Detention Center
ALABAMA,Lee County Youth Development Center,2,Lee County Youth Development Center | Lee County Youth Development Center
ALABAMA,The Learning Tree,4,The Learning Tree | The Learning Tree | The Learning Tree
ALASKA,Nome Children’s Home,1,Nome Children’s Home
ARIZONA,All About Kids,2,All About Kids | All About Kids
ARIZONA,"Back to Life, Inc.",2,"Back to Life, Inc. | Back to Life, Inc."
ARIZONA,"Basami House, LLC",2,"Basami House, LLC | Basami House, LLC"
ARIZONA,Intermountain Centers For Human Development,4,Intermountain Centers For Human Development | Intermountain Centers For Human Development | Intermountain Centers For Human Development
ARIZONA,Mary's Mission And Developmental Center,2,Mary's Mission And Developmental Center | Mary's Mission And Developmental Center
ARIZONA,Mattie's Care House LLC,2,Mattie's Care House LLC | Mattie's Care House LLC
ARIZONA,Miss A's LLC,2,Miss A's LLC | Miss A's LLC
ARIZONA,New Haven Communities LLC,2,New Haven Communities LLC | New Haven Communities LLC
ARIZONA,"New Hope Of Arizona, Inc",12,"New Hope Of Arizona, Inc | New Hope Of Arizona, Inc | New Hope Of Arizona, Inc"
ARIZONA,New Horizon Youth Homes,11,New Horizon Youth Homes | New Horizon Youth Homes | New Horizon Youth Homes
ARIZONA,The Chazen Institute,2,The Chazen Institute | The Chazen Institute
ARKANSAS,"Curt, Cliff & Opal Young Children’s Home",1,"Curt, Cliff & Opal Young Children’s Home"
ARKANSAS,Dana’s House,1,Dana’s House
ARKANSAS,Fort Smith Children’s Emergency Shelter,1,Fort Smith Children’s Emergency Shelter
ARKANSAS,Girl’s Shelter of Fort Smith,1,Girl’s Shelter of Fort Smith
ARKANSAS,New Life Children’s Home,1,New Life Children’s Home
ARKANSAS,Northwest Arkansas Children’s Shelter,1,Northwest Arkansas Children’s Shelter
ARKANSAS,Ouachita Children’s Shelter,1,Ouachita Children’s Shelter
ARKANSAS,Texarkana Baptist Children’s Home,1,Texarkana Baptist Children’s Home
ARKANSAS,The Boy’s Shelter,1,The Boy’s Shelter
ARKANSAS,Timothy Hill Children’s Ranch,1,Timothy Hill Children’s Ranch
ARKANSAS,United Methodist Children’s Home Dacus RTC,1,United Methodist Children’s Home Dacus RTC
ARKANSAS,United Methodist Children’s Home John Magale Manor,1,United Methodist Children’s Home John Magale Manor
ARKANSAS,United Methodist Children’s Home Little Rock Campus,1,United Methodist Children’s Home Little Rock Campus
ARKANSAS,United Methodist Children’s Homes Fayetteville Home,1,United Methodist Children’s Homes Fayetteville Home
ARKANSAS,United Methodist Children’s Homes Mulberry Boy’s Home,1,United Methodist Children’s Homes Mulberry Boy’s Home
ARKANSAS,United Methodist Children’s Homes Searcy Home,1,United Methodist Children’s Homes Searcy Home
ARKANSAS,United Methodist Children’s Homes Springdale Girl’s Home,1,United Methodist Children’s Homes Springdale Girl’s Home
CALIFORNIA,Beloved Ones,5,Beloved Ones | Beloved Ones | Beloved Ones
CALIFORNIA,Boys Town California,2,Boys Town California | Boys Town California
CALIFORNIA,Center for Positive Changes,7,Center for Positive Changes | Center for Positive Changes | Center for Positive Changes
CALIFORNIA,CHARLEE Family Care Inc.,2,CHARLEE Family Care Inc. | CHARLEE Family Care Inc.
CALIFORNIA,Delilu Achievement Home,4,Delilu Achievement Home | Delilu Achievement Home | Delilu Achievement Home
CALIFORNIA,Destinations for Teens Residential Program,2,Destinations for Teens Residential Program | Destinations for Teens Residential Program
CALIFORNIA,Dimondale Adolescent Care Facility,7,Dimondale Adolescent Care Facility | Dimondale Adolescent Care Facility | Dimondale Adolescent Care Facility
CALIFORNIA,Eggleston - La Verne,2,Eggleston - La Verne | Eggleston - La Verne
CALIFORNIA,EMQ FamiliesFirst,2,EMQ FamiliesFirst | EMQ FamiliesFirst
CALIFORNIA,Fields Comprehensive Youth Services,3,Fields Comprehensive Youth Services | Fields Comprehensive Youth Services | Fields Comprehensive Youth Services
CALIFORNIA,Greenacre Homes,4,Greenacre Homes | Greenacre Homes | Greenacre Homes
CALIFORNIA,Guiding Light Home for Boys,2,Guiding Light Home for Boys | Guiding Light Home for Boys
CALIFORNIA,Guiding Our Youth,2,Guiding Our Youth | Guiding Our Youth
CALIFORNIA,Heritage Youth Services,6,Heritage Youth Services | Heritage Youth Services | Heritage Youth Services
CALIFORNIA,"New Alternatives, Inc.",2,"New Alternatives, Inc. | New Alternatives, Inc."
CALIFORNIA,New Beginnings Residential Treatment Facilities,2,New Beginnings Residential Treatment Facilities | New Beginnings Residential Treatment Facilities
CALIFORNIA,Pacific Autism Center for Education,5,Pacific Autism Center for Education | Pacific Autism Center for Education | Pacific Autism Center for Education
CALIFORNIA,"Lamar House – Sunnyvale, CA",1,"Lamar House – Sunnyvale, CA"
CALIFORNIA,Peacock Acres Group Home STRTP,2,Peacock Acres Group Home STRTP | Peacock Acres Group Home STRTP
CALIFORNIA,Seneca Connections STRTP,2,Seneca Connections STRTP | Seneca Connections STRTP
CALIFORNIA,Tarzana Treatment Centers,2,Tarzana Treatment Centers | Tarzana Treatment Centers
CALIFORNIA,Unicorn Garden,3,Unicorn Garden | Unicorn Garden | Unicorn Garden
CALIFORNIA,"Varsity Team, Inc.",4,"Varsity Team, Inc. | Varsity Team, Inc. | Varsity Team, Inc."
CALIFORNIA,Visions Adolescent Treatment Center,3,Visions Adolescent Treatment Center | Visions Adolescent Treatment Center | Visions Adolescent Treatment Center
COLORADO,Brad’s House,3,Brad’s House | Brad’s House | Brad’s House
COLORADO,Devereux Cleo Wallace Center,2,Devereux Cleo Wallace Center | Devereux Cleo Wallace Center
COLORADO,Kidz Ark,2,Kidz Ark | Kidz Ark
COLORADO,Rocky Mountain Kids,3,Rocky Mountain Kids | Rocky Mountain Kids | Rocky Mountain Kids
FLORIDA,Brighter Heights Florida,2,Brighter Heights Florida | Brighter Heights Florida
FLORIDA,Devereux Florida I/DD Group Homes,2,Devereux Florida I/DD Group Homes | Devereux Florida I/DD Group Homes
FLORIDA,Devereux Florida Residential Group Care,2,Devereux Florida Residential Group Care | Devereux Florida Residential Group Care
FLORIDA,Devereux Florida Specialized Therapeutic Group Homes,2,Devereux Florida Specialized Therapeutic Group Homes | Devereux Florida Specialized Therapeutic Group Homes
FLORIDA,Hope Children’s Home,1,Hope Children’s Home
GEORGIA,Appalachian Wilderness Camp,2,Appalachian Wilderness Camp | Appalachian Wilderness Camp
GEORGIA,"Secure & Care, Inc.",2,"Secure & Care, Inc. | Secure & Care, Inc."
GEORGIA,Skyland Trail – J. Rex Fuqua Campus,1,Skyland Trail – J. Rex Fuqua Campus
HAWAII,Pacific Quest,3,Pacific Quest | Pacific Quest | Pacific Quest
IDAHO,Innercept,2,Innercept | Innercept
IDAHO,Northwest Academy,2,Northwest Academy | Northwest Academy
IDAHO,Northwoods,2,Northwoods | Northwoods
IDAHO,Rocky Mountain Academy,2,Rocky Mountain Academy | Rocky Mountain Academy
ILLINOIS,Allendale Association,2,Allendale Association | Allendale Association
KANSAS,Camber Children’s Residential Mental Health Treatment,2,Camber Children’s Residential Mental Health Treatment | Camber Children’s Residential Mental Health Treatment
KANSAS,Meadowlark Academy,1,Meadowlark Academy
KANSAS,St Francis Academy,1,St Francis Academy
KENTUCKY,Kentucky Youth Academy,3,Kentucky Youth Academy | Kentucky Youth Academy | Kentucky Youth Academy
KENTUCKY,Key Assets Group Homes,8,Key Assets Group Homes | Key Assets Group Homes | Key Assets Group Homes
KENTUCKY,StepStone Youth & Family Services,4,StepStone Youth & Family Services | StepStone Youth & Family Services | StepStone Youth & Family Services
LOUISIANA,Acadiana Center for Youth,2,Acadiana Center for Youth | Acadiana Center for Youth
LOUISIANA,Johnny Robinson's Boys Home Inc.,2,Johnny Robinson's Boys Home Inc. | Johnny Robinson's Boys Home Inc.
LOUISIANA,Methodist Children’s Home of Southeast Louisiana,1,Methodist Children’s Home of Southeast Louisiana
LOUISIANA,Rutherford Houses,4,Rutherford Houses | Rutherford Houses | Rutherford Houses
LOUISIANA,The Agape House,2,The Agape House | The Agape House
MAINE,Day One,3,Day One | Day One | Day One
MAINE,Sweetser Residential Treatment Center,2,Sweetser Residential Treatment Center | Sweetser Residential Treatment Center
MARYLAND,Thomas J.S. Waxter Children’s Center,1,Thomas J.S. Waxter Children’s Center
MASSACHUSETTS,Devereux STARR Program,2,Devereux STARR Program | Devereux STARR Program
MICHIGAN,New Hope Youth Center,1,New Hope Youth Center
MINNESOTA,Hope Harbor,1,Hope Harbor
MISSOURI,Anchor Home for Boys,2,Anchor Home for Boys | Anchor Home for Boys
MISSOURI,Boys and Girls Town of Missouri,3,Boys and Girls Town of Missouri | Boys and Girls Town of Missouri | Boys and Girls Town of Missouri
MISSOURI,CALO Programs,3,CALO Programs | CALO Programs | CALO Programs
MISSOURI,Kanakuk Kamps,2,Kanakuk Kamps | Kanakuk Kamps
MISSOURI,KVC Missouri,4,KVC Missouri | KVC Missouri | KVC Missouri
MISSOURI,Lakeland Behavioral Health System Residential Treatment Program,2,Lakeland Behavioral Health System Residential Treatment Program | Lakeland Behavioral Health System Residential Treatment Program
MONTANA,Mountain Meadow Youth Ranch,2,Mountain Meadow Youth Ranch | Mountain Meadow Youth Ranch
NEVADA,Ignite Teen Treatment,2,Ignite Teen Treatment | Ignite Teen Treatment
NEVADA,Nevada PRTF Services for Children – Oasis,1,Nevada PRTF Services for Children – Oasis
NEVADA,Northern Nevada PRTF Services for Children – Enterprise,1,Northern Nevada PRTF Services for Children – Enterprise
NEVADA,Ridge House,5,Ridge House | Ridge House | Ridge House
NEVADA,St. Jude’s Ranch for Children,2,St. Jude’s Ranch for Children | St. Jude’s Ranch for Children
NEVADA,Westcare Inc – Harris Springs Ranch,1,Westcare Inc – Harris Springs Ranch
NEW HAMPSHIRE,Nashua Children’s Home Adolescent Boys Residence,2,Nashua Children’s Home Adolescent Boys Residence | Nashua Children’s Home Adolescent Boys Residence
NEW HAMPSHIRE,Nashua Children’s Home The Carriage House,2,Nashua Children’s Home The Carriage House | Nashua Children’s Home The Carriage House
NEW JERSEY,KIDS of Bergen County,2,KIDS of Bergen County | KIDS of Bergen County
NEW YORK,HeartShare St. Vincent’s Community Residences,3,HeartShare St. Vincent’s Community Residences | HeartShare St. Vincent’s Community Residences | HeartShare St. Vincent’s Community Residences
NORTH CAROLINA,Mt. Gilead Children’s Home,1,Mt. Gilead Children’s Home
NORTH CAROLINA,New Horizon Group Home,2,New Horizon Group Home | New Horizon Group Home
NORTH DAKOTA,Dakota Boys and Girls Ranch,3,Dakota Boys and Girls Ranch | Dakota Boys and Girls Ranch | Dakota Boys and Girls Ranch
OHIO,Adriel School,2,Adriel School | Adriel School
OHIO,The Village Network,4,The Village Network | The Village Network | The Village Network
OKLAHOMA,Baptist Children’s Home Owasso,1,Baptist Children’s Home Owasso
OKLAHOMA,Children’s Recovery Center of Oklahoma,1,Children’s Recovery Center of Oklahoma
OKLAHOMA,Conversion – Kiamichi Youth Services,1,Conversion – Kiamichi Youth Services
OKLAHOMA,G – Kidz Kiamichi Youth Services,1,G – Kidz Kiamichi Youth Services
OKLAHOMA,Integris Mental Health – Spencer,1,Integris Mental Health – Spencer
OKLAHOMA,Laura Dester Children’s Center,1,Laura Dester Children’s Center
OKLAHOMA,Lawton Boy’s Group Home,1,Lawton Boy’s Group Home
OKLAHOMA,Sequoyah – Bartlesville,1,Sequoyah – Bartlesville
OKLAHOMA,Spencer House Boys’ Group Home,1,Spencer House Boys’ Group Home
OREGON,Academy at Sisters,2,Academy at Sisters | Academy at Sisters
OREGON,New Leaf Academy of Oregon,4,New Leaf Academy of Oregon | New Leaf Academy of Oregon | New Leaf Academy of Oregon
SOUTH DAKOTA,Our Home Inc.,2,Our Home Inc. | Our Home Inc.
TENNESSEE,Grace Oasis,2,Grace Oasis | Grace Oasis
TENNESSEE,Memphis Recovery Centers,2,Memphis Recovery Centers | Memphis Recovery Centers
TENNESSEE,Youth Villages - Bartlett Cottages,4,Youth Villages - Bartlett Cottages | Youth Villages - Bartlett Cottages | Youth Villages - Bartlett Cottages
TEXAS,Autistic Treatment Center,2,Autistic Treatment Center | Autistic Treatment Center
TEXAS,BCFS Health and Human Services – Basic Care,1,BCFS Health and Human Services – Basic Care
TEXAS,Ben Richey’s Boys Ranch,1,Ben Richey’s Boys Ranch
TEXAS,Burke Center for Youth - Pathfinder’s Ranch,1,Burke Center for Youth - Pathfinder’s Ranch
TEXAS,Central Texas Children’s Home,1,Central Texas Children’s Home
TEXAS,Children’s Hope Residential Services Inc – Lubbock,1,Children’s Hope Residential Services Inc – Lubbock
TEXAS,Children’s Hope Residential Services Inc – Washington,1,Children’s Hope Residential Services Inc – Washington
TEXAS,Children’s Hope Residential Services Inc – West,1,Children’s Hope Residential Services Inc – West
TEXAS,"Children’s Village and Family Service Agency, Inc.",1,"Children’s Village and Family Service Agency, Inc."
TEXAS,Christ’s Haven for Children,1,Christ’s Haven for Children
TEXAS,DePelchin Children’s Center-Richmond Campus,1,DePelchin Children’s Center-Richmond Campus
TEXAS,Discovery Practice Management,3,Discovery Practice Management | Discovery Practice Management | Discovery Practice Management
TEXAS,Hands of Healing RTC,2,Hands of Healing RTC | Hands of Healing RTC
TEXAS,Journey To Dream – Kyle’s Place,1,Journey To Dream – Kyle’s Place
TEXAS,Kirby’s Place,1,Kirby’s Place
TEXAS,Krause Children’s Center RTC,1,Krause Children’s Center RTC
TEXAS,L’Amor Village RTC,1,L’Amor Village RTC
TEXAS,Lee and Beulah Moor Children’s Home,1,Lee and Beulah Moor Children’s Home
TEXAS,Life’s Purpose Residential Treatment Center,1,Life’s Purpose Residential Treatment Center
TEXAS,Methodist Children’s Home BCC,1,Methodist Children’s Home BCC
TEXAS,"Minola’s Place of Texas, Inc.",1,"Minola’s Place of Texas, Inc."
TEXAS,Miracal’s Place,1,Miracal’s Place
TEXAS,Pleasant Hills Children’s Home,1,Pleasant Hills Children’s Home
TEXAS,Presbyterian Children’s Home,2,Presbyterian Children’s Home | Presbyterian Children’s Home
TEXAS,Rob & Simon’s Hawthorne House,1,Rob & Simon’s Hawthorne House
TEXAS,Roy Maas Youth Alternative – Girlsville/Junction,1,Roy Maas Youth Alternative – Girlsville/Junction
TEXAS,South Texas Adolescent Rehabilitation & Education – STARE,1,South Texas Adolescent Rehabilitation & Education – STARE
TEXAS,South Texas Children’s Home,1,South Texas Children’s Home
TEXAS,St. Michael’s Home for Children,1,St. Michael’s Home for Children
TEXAS,St. Michael’s Home for Children II,1,St. Michael’s Home for Children II
TEXAS,Straight – Dallas,2,Straight – Dallas | Straight – Dallas
TEXAS,The Children’s Home,1,The Children’s Home
TEXAS,Thompson’s Residential Treatment Center- Farmersville,1,Thompson’s Residential Treatment Center- Farmersville
TEXAS,Today’s Harbor for Children,1,Today’s Harbor for Children
TEXAS,Turning Point Children’s Social Service,1,Turning Point Children’s Social Service
TEXAS,Unity Children’s Home RTC,3,Unity Children’s Home RTC | Unity Children’s Home RTC | Unity Children’s Home RTC
UTAH,Alpine Academy,2,Alpine Academy | Alpine Academy
UTAH,Apex Youth Services,3,Apex Youth Services | Apex Youth Services | Apex Youth Services
UTAH,Ashcreek Ranch Academy,2,Ashcreek Ranch Academy | Ashcreek Ranch Academy
UTAH,Aspiro Wilderness Adventure Therapy,2,Aspiro Wilderness Adventure Therapy | Aspiro Wilderness Adventure Therapy
UTAH,"Blue Hills Residential Treatment, LLC",2,"Blue Hills Residential Treatment, LLC | Blue Hills Residential Treatment, LLC"
UTAH,Cross Creek Programs,2,Cross Creek Programs | Cross Creek Programs
UTAH,Crossroads Academy RTC,3,Crossroads Academy RTC | Crossroads Academy RTC | Crossroads Academy RTC
UTAH,Daniels Academy,2,Daniels Academy | Daniels Academy
UTAH,Storm Ridge Ranch,2,Storm Ridge Ranch | Storm Ridge Ranch
UTAH,Sunrise RTC,2,Sunrise RTC | Sunrise RTC
UTAH,Triumph Youth Services/Triumph Academy – Expeditions,1,Triumph Youth Services/Triumph Academy – Expeditions
UTAH,Youth Futures,2,Youth Futures | Youth Futures
VIRGINIA,Restorative Youth Services,2,Restorative Youth Services | Restorative Youth Services
WASHINGTON,Daybreak Youth Services,2,Daybreak Youth Services | Daybreak Youth Services
WEST VIRGINIA,Cammack Children’s Center,1,Cammack Children’s Center
WEST VIRGINIA,Golden Girl Group Home,2,Golden Girl Group Home | Golden Girl Group Home
WISCONSIN,Kansas,2,Kansas | Kansas
WYOMING,Fremont County Group Homes – Boys – Riverton,1,Fremont County Group Homes – Boys – Riverton
WYOMING,Fremont County Group Homes – Girls – Lander,1,Fremont County Group Homes – Girls – Lander
WYOMING,Machaseh Children’s Ranch,1,Machaseh Children’s Ranch
WYOMING,Northwest Wyoming Treatment Center,2,Northwest Wyoming Treatment Center | Northwest Wyoming Treatment Center
WYOMING,St. Joseph’s Children’s Home,1,St. Joseph’s Children’s Home
WYOMING,Wyoming Boys’ School,1,Wyoming Boys’ School
WYOMING,Wyoming Girls’ School,1,Wyoming Girls’ School
