matched_state,project_unique_name,facility_name
ALABAMA,Alabama Baptist Children’s Homes - Dothan,Alabama Baptist Children’s Homes - Dothan
ALABAMA,Alabama Baptist Children's Homes Mobile,Alabama Baptist Children's Homes Mobile
ALABAMA,"Boyd School, Inc.","Boyd School, Inc."
ALABAMA,Brantwood Children's Home,Brantwood Children's Home
ALABAMA,"Childhaven, Inc.","Childhaven, Inc."
ALABAMA,Children's Services Inc. - The Parris Home,Children's Services Inc. - The Parris Home
ALABAMA,Children's Village,Children's Village
ALABAMA,"Chrysalis, A Home for Girls","Chrysalis, A Home for Girls"
ALABAMA,Eagle Rock Boys Ranch,Eagle Rock Boys Ranch
ALABAMA,Family Garden-Males,Family Garden-Males
ALABAMA,Glenwood - Daniel Houses & Drummond,Glenwood - Daniel Houses & Drummond
ALABAMA,Glenwood - McDonough House,Glenwood - McDonough House
ALABAMA,Glenwood - Reynolds House,Glenwood - Reynolds House
ALABAMA,Grace House Ministries,Grace House Ministries
ALABAMA,Haddie's Home,Haddie's Home
ALABAMA,Harris Home for Children,Harris Home for Children
ALABAMA,Higdon Hill Group Home,Higdon Hill Group Home
ALABAMA,Hill Crest RTC,Hill Crest RTC
ALABAMA,James T. Strickland Youth Center,James T. Strickland Youth Center
ALABAMA,Kids to Love Foundation,Kids to Love Foundation
ALABAMA,King's Home - Hayden,King's Home - Hayden
ALABAMA,King's Home - Westover - Males,King's Home - Westover - Males
ALABAMA,King's Ranch and Hannah Homes - Holy Innocents Campus,King's Ranch and Hannah Homes - Holy Innocents Campus
ALABAMA,King's Ranch and Hannah Homes - Wilsonville Campus,King's Ranch and Hannah Homes - Wilsonville Campus
ALABAMA,Laurel Oaks Behavioral Health Center,Laurel Oaks Behavioral Health Center
ALABAMA,Montgomery County Youth Facility,Montgomery County Youth Facility
ALABAMA,Neaves-Davis Center for Children,Neaves-Davis Center for Children
ALABAMA,"North Alabama Christian Children's Home, Inc","North Alabama Christian Children's Home, Inc"
ALABAMA,Presbyterian Home for Children,Presbyterian Home for Children
ALABAMA,Ross-Bell Jefferson County Youth Detention Center,Ross-Bell Jefferson County Youth Detention Center
ALABAMA,SafetyNet Academy,SafetyNet Academy
ALABAMA,SafetyNet Crossings,SafetyNet Crossings
ALABAMA,SafetyNet Villa,SafetyNet Villa
ALABAMA,Southeast Alabama Diversion Center,Southeast Alabama Diversion Center
ALABAMA,St. Mary's Home,St. Mary's Home
ALABAMA,"TEARS, Inc","TEARS, Inc"
ALABAMA,Tennessee Valley Juvenile Detention Center,Tennessee Valley Juvenile Detention Center
ALABAMA,"The Bridge, Inc., GEMS","The Bridge, Inc., GEMS"
ALABAMA,"The Bridge, Inc. Mitchell","The Bridge, Inc. Mitchell"
ALABAMA,"The Bridge, Inc. Northwood","The Bridge, Inc. Northwood"
ALABAMA,"The Bridge, Inc. STEPS Program","The Bridge, Inc. STEPS Program"
ALABAMA,"The Bridge, Inc. Westwood","The Bridge, Inc. Westwood"
ALASKA,Hanson House,Hanson House
ALASKA,Kenai Peninsula Community Care Center Dimmick Retreat & Hardy House,Kenai Peninsula Community Care Center Dimmick Retreat & Hardy House
ALASKA,McCann Center,McCann Center
ALASKA,Mitchell House,Mitchell House
ALASKA,Montana Creek,Montana Creek
ALASKA,Nome Children’s Home,Nome Children’s Home
ALASKA,Residential Youth Care,Residential Youth Care
ARIZONA,FACTS Behavioral Health,FACTS Behavioral Health
ARIZONA,Pathway Drug Abuse Programs,Pathway Drug Abuse Programs
ARKANSAS,Arbor House,Arbor House
ARKANSAS,Arkansas Baptist Home for Children Monticello Campus,Arkansas Baptist Home for Children Monticello Campus
ARKANSAS,Arkansas Baptist Ranch,Arkansas Baptist Ranch
ARKANSAS,Arkansas Juvenile Assessment and Treatment Center,Arkansas Juvenile Assessment and Treatment Center
ARKANSAS,Arkansas Sheriff Youth RANCHs Inc. - Bethesda,Arkansas Sheriff Youth RANCHs Inc. - Bethesda
ARKANSAS,Capstone Treatment Center,Capstone Treatment Center
ARKANSAS,Cartwright House,Cartwright House
ARKANSAS,"Centers for Youth and Families, Inc.","Centers for Youth and Families, Inc."
ARKANSAS,Compact Family Services,Compact Family Services
ARKANSAS,Consolidated Youth Services,Consolidated Youth Services
ARKANSAS,Crestview House,Crestview House
ARKANSAS,"Curt, Cliff & Opal Young Children’s Home","Curt, Cliff & Opal Young Children’s Home"
ARKANSAS,Dana’s House,Dana’s House
ARKANSAS,Delta Family Health and Fitness Center for Children,Delta Family Health and Fitness Center for Children
ARKANSAS,Dermott Juvenile Treatment Facility,Dermott Juvenile Treatment Facility
ARKANSAS,East Arkansas Youth Services,East Arkansas Youth Services
ARKANSAS,Elizabeth Mitchell Centers,Elizabeth Mitchell Centers
ARKANSAS,Fort Smith Children’s Emergency Shelter,Fort Smith Children’s Emergency Shelter
ARKANSAS,Fostering Change Residential Community Reintegration,Fostering Change Residential Community Reintegration
ARKANSAS,Girl’s Shelter of Fort Smith,Girl’s Shelter of Fort Smith
ARKANSAS,H.A.V.E.N.,H.A.V.E.N.
ARKANSAS,Harrisburg Juvenile Treatment Center,Harrisburg Juvenile Treatment Center
ARKANSAS,Henry Hank Wilkins IV House,Henry Hank Wilkins IV House
ARKANSAS,Immerse Arkansas,Immerse Arkansas
ARKANSAS,Joanna Magale Manor,Joanna Magale Manor
ARKANSAS,Joseph Pfeifer Kiwanis Camp,Joseph Pfeifer Kiwanis Camp
ARKANSAS,Little Creek Behavioral Health,Little Creek Behavioral Health
ARKANSAS,Lords Ranch Behavioral Health Care Systems,Lords Ranch Behavioral Health Care Systems
ARKANSAS,Maggie House,Maggie House
ARKANSAS,Mansfield Juvenile Treatment Center,Mansfield Juvenile Treatment Center
ARKANSAS,Millcreek of Arkansas,Millcreek of Arkansas
ARKANSAS,Millcreek of Arkansas PRTF,Millcreek of Arkansas PRTF
ARKANSAS,NeuroRestorative - Timber Ridge,NeuroRestorative - Timber Ridge
ARKANSAS,New Life Children’s Home,New Life Children’s Home
ARKANSAS,Northwest Arkansas Children’s Shelter,Northwest Arkansas Children’s Shelter
ARKANSAS,Open Arms Shelter,Open Arms Shelter
ARKANSAS,Ophelia Polk Moore Home,Ophelia Polk Moore Home
ARKANSAS,Ouachita Children’s Shelter,Ouachita Children’s Shelter
ARKANSAS,Perimeter Behavioral of Forrest City,Perimeter Behavioral of Forrest City
ARKANSAS,Perimeter Behavioral of West Memphis,Perimeter Behavioral of West Memphis
ARKANSAS,Perimeter of the Ozarks,Perimeter of the Ozarks
ARKANSAS,Piney Ridge Treatment Center,Piney Ridge Treatment Center
ARKANSAS,Quapaw House Adolescent Residential Treatment Center,Quapaw House Adolescent Residential Treatment Center
ARKANSAS,Ridge View Program,Ridge View Program
ARKANSAS,Second Chance Ranch,Second Chance Ranch
ARKANSAS,Soaring Wings Ranch,Soaring Wings Ranch
ARKANSAS,Southern Christian Home,Southern Christian Home
ARKANSAS,Teen Challenge Ranch of Northwest Arkansas,Teen Challenge Ranch of Northwest Arkansas
ARKANSAS,Texarkana Baptist Children’s Home,Texarkana Baptist Children’s Home
ARKANSAS,The Boy’s Shelter,The Boy’s Shelter
ARKANSAS,The Centers for Youth and Families - Monticello,The Centers for Youth and Families - Monticello
ARKANSAS,Timothy Hill Children’s Ranch,Timothy Hill Children’s Ranch
ARKANSAS,Trinity Behavioral Health,Trinity Behavioral Health
ARKANSAS,United Methodist Children’s Home Dacus RTC,United Methodist Children’s Home Dacus RTC
ARKANSAS,United Methodist Children’s Home John Magale Manor,United Methodist Children’s Home John Magale Manor
ARKANSAS,United Methodist Children’s Home Little Rock Campus,United Methodist Children’s Home Little Rock Campus
ARKANSAS,United Methodist Children’s Homes Fayetteville Home,United Methodist Children’s Homes Fayetteville Home
ARKANSAS,United Methodist Children’s Homes Mulberry Boy’s Home,United Methodist Children’s Homes Mulberry Boy’s Home
ARKANSAS,United Methodist Children’s Homes Searcy Home,United Methodist Children’s Homes Searcy Home
ARKANSAS,United Methodist Children’s Homes Springdale Girl’s Home,United Methodist Children’s Homes Springdale Girl’s Home
ARKANSAS,"Vera Lloyd Presbyterian Home and Family Services, Inc","Vera Lloyd Presbyterian Home and Family Services, Inc"
ARKANSAS,Watersprings Ranch,Watersprings Ranch
ARKANSAS,Wilson & Field Homes,Wilson & Field Homes
ARKANSAS,Winfred Polk Home,Winfred Polk Home
ARKANSAS,"Youth Home, Inc.","Youth Home, Inc."
CALIFORNIA,Advent Group Ministries - St. John Home,Advent Group Ministries - St. John Home
CALIFORNIA,California Anchor Residents,California Anchor Residents
CALIFORNIA,Childhelp - Baker,Childhelp - Baker
CALIFORNIA,EA Diamond Peak STRTP',EA Diamond Peak STRTP'
CALIFORNIA,Fred Finch Youth & Family Services - Avalon,Fred Finch Youth & Family Services - Avalon
CALIFORNIA,Margaret J. Kemp Girls Camp,Margaret J. Kemp Girls Camp
CALIFORNIA,Monterey County Juvenile Hall,Monterey County Juvenile Hall
CALIFORNIA,Muir Wood Teen Treatment Centers - Bradley Ranch,Muir Wood Teen Treatment Centers - Bradley Ranch
CALIFORNIA,"Murrell's Farm & Boys Home, Inc.","Murrell's Farm & Boys Home, Inc."
CALIFORNIA,NA Chaderjian School,NA Chaderjian School
CALIFORNIA,New Concept Group Home,New Concept Group Home
CALIFORNIA,New Haven Youth and Family Services,New Haven Youth and Family Services
CALIFORNIA,Oakridge Home at Sunview,Oakridge Home at Sunview
CALIFORNIA,Promesa - Minarets House,Promesa - Minarets House
CALIFORNIA,Promesa - Niles House,Promesa - Niles House
CALIFORNIA,Ridgeview Ranch,Ridgeview Ranch
CALIFORNIA,San Francisco Juvenile Justice Center,San Francisco Juvenile Justice Center
CALIFORNIA,The Heritage School,The Heritage School
CALIFORNIA,Ventura Youth Correctional Facility,Ventura Youth Correctional Facility
CALIFORNIA,West Children's Home,West Children's Home
CONNECTICUT,The Glenholme School,The Glenholme School
FLORIDA,Devereux Florida SIPP,Devereux Florida SIPP
FLORIDA,Devereux Florida RTC,Devereux Florida RTC
FLORIDA,Hope Children’s Home,Hope Children’s Home
FLORIDA,Insight Program,Insight Program
FLORIDA,Palm Lane Baptist Boarding Academy,Palm Lane Baptist Boarding Academy
FLORIDA,Residing Hope Residential Care,Residing Hope Residential Care
FLORIDA,SalusCare Florida Vince Smith Center,SalusCare Florida Vince Smith Center
FLORIDA,Tampa Bay Academy,Tampa Bay Academy
FLORIDA,Treasure Coast Boys Academy,Treasure Coast Boys Academy
GEORGIA,"ASlades Heart & Hand Youth Development Services, Inc.","ASlades Heart & Hand Youth Development Services, Inc."
GEORGIA,Good Shepherd Therapeutic Center,Good Shepherd Therapeutic Center
GEORGIA,"Positive Growth, Inc","Positive Growth, Inc"
GEORGIA,Skyland Trail – J. Rex Fuqua Campus,Skyland Trail – J. Rex Fuqua Campus
HAWAII,Aloha Youth Academy,Aloha Youth Academy
HAWAII,SeaChange Hawaii,SeaChange Hawaii
IDAHO,"East Idaho Youth Homes, LLC","East Idaho Youth Homes, LLC"
IDAHO,Idaho Youth Ranch Residential Center,Idaho Youth Ranch Residential Center
IDAHO,Saddlehorn Ranch,Saddlehorn Ranch
ILLINOIS,Mary Davis Detention Home,Mary Davis Detention Home
KENTUCKY,Adair Regional Juvenile Detention Center & Youth Development Center,Adair Regional Juvenile Detention Center & Youth Development Center
KENTUCKY,All God's Children,All God's Children
KENTUCKY,Appalachian Children's Home,Appalachian Children's Home
KENTUCKY,"Arbor Youth Services, Inc.","Arbor Youth Services, Inc."
KENTUCKY,Ashland Group Home,Ashland Group Home
KENTUCKY,Barnabas Home,Barnabas Home
KENTUCKY,Boyd Regional Juvenile Detention Center,Boyd Regional Juvenile Detention Center
KENTUCKY,Breathitt Regional Juvenile Detention Center,Breathitt Regional Juvenile Detention Center
KENTUCKY,Brighton Center's Homeward Bound Shelter,Brighton Center's Homeward Bound Shelter
KENTUCKY,Buckhorn Children's Center 1,Buckhorn Children's Center 1
KENTUCKY,Burlington Campus,Burlington Campus
KENTUCKY,Burnside Group Home,Burnside Group Home
KENTUCKY,Children's Assessment & Transitional Service Center,Children's Assessment & Transitional Service Center
KENTUCKY,Children's Home of Northern Kentucky,Children's Home of Northern Kentucky
KENTUCKY,"Combs Residential Service, Inc.","Combs Residential Service, Inc."
KENTUCKY,Crossroads Treatment Center,Crossroads Treatment Center
KENTUCKY,Cumberland Adventure Program,Cumberland Adventure Program
KENTUCKY,Dessie Scott Children's Home,Dessie Scott Children's Home
KENTUCKY,Diocesan Catholic Children's Home,Diocesan Catholic Children's Home
KENTUCKY,Father Maloney's Boys' Haven,Father Maloney's Boys' Haven
KENTUCKY,Fayette Regional Juvenile Detention Center,Fayette Regional Juvenile Detention Center
KENTUCKY,"Foothills Academy, Inc.","Foothills Academy, Inc."
KENTUCKY,Frankfort Group Home,Frankfort Group Home
KENTUCKY,Frenchburg Group Home,Frenchburg Group Home
KENTUCKY,Gateway Children's Services,Gateway Children's Services
KENTUCKY,Glen Dale Center,Glen Dale Center
KENTUCKY,Holly Hill Children's Home,Holly Hill Children's Home
KENTUCKY,Home of the Innocents,Home of the Innocents
KENTUCKY,Hope Hill Youth Services,Hope Hill Youth Services
KENTUCKY,Hopkinsville Group Home,Hopkinsville Group Home
KENTUCKY,Jackson Group Home,Jackson Group Home
KENTUCKY,Jefferson Regional Juvenile Detention Center,Jefferson Regional Juvenile Detention Center
KENTUCKY,Kinder Haven,Kinder Haven
KENTUCKY,Lake Cumberland Youth Development Center,Lake Cumberland Youth Development Center
KENTUCKY,London Group Home,London Group Home
KENTUCKY,Mary Kendall Campus,Mary Kendall Campus
KENTUCKY,Maryhurst - Euphrasia Program,Maryhurst - Euphrasia Program
KENTUCKY,Maryhurst - Rosehaven,Maryhurst - Rosehaven
KENTUCKY,Maryhurst - Treasure Home,Maryhurst - Treasure Home
KENTUCKY,Mayfield Youth Development Center,Mayfield Youth Development Center
KENTUCKY,McCracken Regional Juvenile Detention Center,McCracken Regional Juvenile Detention Center
KENTUCKY,Middlesboro Group Home,Middlesboro Group Home
KENTUCKY,Morehead Center,Morehead Center
KENTUCKY,Morehead Youth Development Center,Morehead Youth Development Center
KENTUCKY,Mountain Haven,Mountain Haven
KENTUCKY,New Pathways for Children,New Pathways for Children
KENTUCKY,New Pathways for Children - EBH,New Pathways for Children - EBH
KENTUCKY,Northern Kentucky Youth Development Center,Northern Kentucky Youth Development Center
KENTUCKY,"Option To Success, Inc.","Option To Success, Inc."
KENTUCKY,Otter Creek Campus,Otter Creek Campus
KENTUCKY,Ramey-Estep Homes Residential Program,Ramey-Estep Homes Residential Program
KENTUCKY,Spring Meadows Center,Spring Meadows Center
KENTUCKY,St. Joseph Children's Home,St. Joseph Children's Home
KENTUCKY,St. Joseph's Peace Mission for Children,St. Joseph's Peace Mission for Children
KENTUCKY,Striving Forward,Striving Forward
KENTUCKY,"The Life Connection, Inc.","The Life Connection, Inc."
KENTUCKY,The Methodist Home of Kentucky,The Methodist Home of Kentucky
KENTUCKY,Uspiritus Bellewood Louisville Residential,Uspiritus Bellewood Louisville Residential
KENTUCKY,Uspiritus Brooklawn Residential,Uspiritus Brooklawn Residential
KENTUCKY,Warren Regional Juvenile Detention Center,Warren Regional Juvenile Detention Center
KENTUCKY,Woodsbend Youth Development Center,Woodsbend Youth Development Center
KENTUCKY,Yewell Home for Boys,Yewell Home for Boys
KENTUCKY,YMCA Safe Place Services,YMCA Safe Place Services
LOUISIANA,Acadiana Treatment Center,Acadiana Treatment Center
LOUISIANA,"AMIKids Acadiana, Inc","AMIKids Acadiana, Inc"
LOUISIANA,Behrman Treatment Family Home,Behrman Treatment Family Home
LOUISIANA,Boys and Girls Villages Foundation,Boys and Girls Villages Foundation
LOUISIANA,Boys Town Louisiana - Bienville Family Home,Boys Town Louisiana - Bienville Family Home
LOUISIANA,Boys Town Louisiana - City Park Family Home,Boys Town Louisiana - City Park Family Home
LOUISIANA,Boys Town Louisiana - Magazine Family Home,Boys Town Louisiana - Magazine Family Home
LOUISIANA,Caddo Parish Juvenile Detention Center,Caddo Parish Juvenile Detention Center
LOUISIANA,Calcasieu Parish Office of Juvenile Justice Services,Calcasieu Parish Office of Juvenile Justice Services
LOUISIANA,"Cane River Children's Services, Inc.","Cane River Children's Services, Inc."
LOUISIANA,Christian Acres Youth Center Inc.,Christian Acres Youth Center Inc.
LOUISIANA,Christopher Youth Center,Christopher Youth Center
LOUISIANA,East Baton Rouge Parish Juvenile Detention Center,East Baton Rouge Parish Juvenile Detention Center
LOUISIANA,Florida Parishes Juvenile Detention Center,Florida Parishes Juvenile Detention Center
LOUISIANA,Green Oaks Juvenile Detention Center,Green Oaks Juvenile Detention Center
LOUISIANA,Harbour House RTC,Harbour House RTC
LOUISIANA,"Harmony Center, Inc. - A.B. Horn Group Home","Harmony Center, Inc. - A.B. Horn Group Home"
LOUISIANA,"Harmony Center, Inc. - Harmony III Group Home","Harmony Center, Inc. - Harmony III Group Home"
LOUISIANA,Heritage Ranch,Heritage Ranch
LOUISIANA,Jesse Dotey Youth Development Center,Jesse Dotey Youth Development Center
LOUISIANA,Joy Home for Boys,Joy Home for Boys
LOUISIANA,Juvenile Justice Intervention Center,Juvenile Justice Intervention Center
LOUISIANA,Lafayette Juvenile Detention Home,Lafayette Juvenile Detention Home
LOUISIANA,Lafourche Parish Juvenile Justice Facility,Lafourche Parish Juvenile Justice Facility
LOUISIANA,Lifted By Love Residential Home,Lifted By Love Residential Home
LOUISIANA,Lighthouse Child Residential Center,Lighthouse Child Residential Center
LOUISIANA,Lighthouse Ranch for Boys,Lighthouse Ranch for Boys
LOUISIANA,Louis Children's Crisis Center,Louis Children's Crisis Center
LOUISIANA,Louisiana Methodist Children's Home,Louisiana Methodist Children's Home
LOUISIANA,"MacDonell United Methodist Children's Services, Inc.","MacDonell United Methodist Children's Services, Inc."
LOUISIANA,Methodist Children’s Home of Southeast Louisiana,Methodist Children’s Home of Southeast Louisiana
LOUISIANA,Methodist Children's Home of Southwest Louisiana,Methodist Children's Home of Southwest Louisiana
LOUISIANA,New Way of Southwest Louisiana,New Way of Southwest Louisiana
LOUISIANA,Raintree House,Raintree House
LOUISIANA,Renaissance Home for Youth,Renaissance Home for Youth
LOUISIANA,Rivarde Juvenile Detention Facility,Rivarde Juvenile Detention Facility
LOUISIANA,St. Bernard Parish Juvenile Detention Center,St. Bernard Parish Juvenile Detention Center
LOUISIANA,Terrebonne Parish Juvenile Justice Complex,Terrebonne Parish Juvenile Justice Complex
LOUISIANA,The Louis Children's Crisis Center - Midland,The Louis Children's Crisis Center - Midland
LOUISIANA,The Bridge Center for Hope,The Bridge Center for Hope
LOUISIANA,The Maples Hammond,The Maples Hammond
LOUISIANA,The Maples LLC,The Maples LLC
LOUISIANA,Waldo Burton Boys' Home,Waldo Burton Boys' Home
LOUISIANA,Ware Youth Center,Ware Youth Center
MAINE,Elan School,Elan School
MAINE,Good Will-Hinckley Roundel Residential,Good Will-Hinckley Roundel Residential
MARYLAND,Sandstone Care,Sandstone Care
MASSACHUSETTS,Bloom Home for Girls,Bloom Home for Girls
MICHIGAN,Genesis Home,Genesis Home
MICHIGAN,Shawono Center,Shawono Center
MICHIGAN,Wolverine Human Services Residential Campus,Wolverine Human Services Residential Campus
MINNESOTA,Minnesota Girls Academy,Minnesota Girls Academy
MISSOURI,Legacy Academy Adventures,Legacy Academy Adventures
MISSOURI,Spofford Home,Spofford Home
NEVADA,Actions of Elko,Actions of Elko
NEVADA,Adolescent Treatment Center,Adolescent Treatment Center
NEVADA,Bristlecone Family Resources,Bristlecone Family Resources
NEVADA,Caliente Youth Center,Caliente Youth Center
NEVADA,China Spring Youth Camp,China Spring Youth Camp
NEVADA,Cross Roads of Southern Nevada,Cross Roads of Southern Nevada
NEVADA,Eden Treatment,Eden Treatment
NEVADA,Everett Grace,Everett Grace
NEVADA,Freedom Behavioral Health,Freedom Behavioral Health
NEVADA,Las Vegas Recovery Center I,Las Vegas Recovery Center I
NEVADA,Las Vegas Recovery Center II,Las Vegas Recovery Center II
NEVADA,Montevista Hospital,Montevista Hospital
NEVADA,Narconon Rainbow Canyon Retreat,Narconon Rainbow Canyon Retreat
NEVADA,Nevada Homes for Youth,Nevada Homes for Youth
NEVADA,Nevada PRTF Services for Children – Oasis,Nevada PRTF Services for Children – Oasis
NEVADA,Nevada Youth Training Center,Nevada Youth Training Center
NEVADA,New Benchmark,New Benchmark
NEVADA,New Frontier Treatment Center,New Frontier Treatment Center
NEVADA,Northern Nevada PRTF Services for Children – Enterprise,Northern Nevada PRTF Services for Children – Enterprise
NEVADA,"Reno Behavioral Healthcare Hospital, LLC","Reno Behavioral Healthcare Hospital, LLC"
NEVADA,Step 1 Inc,Step 1 Inc
NEVADA,STEP2,STEP2
NEVADA,Summit View Youth Center,Summit View Youth Center
NEVADA,The Fearless Kind,The Fearless Kind
NEVADA,The Nestled Recovery Center,The Nestled Recovery Center
NEVADA,The Ridge House Vance Johnson Recovery Center,The Ridge House Vance Johnson Recovery Center
NEVADA,Vitality Carson City,Vitality Carson City
NEVADA,Vitality Center,Vitality Center
NEVADA,Vogue Recovery Center,Vogue Recovery Center
NEVADA,Westcare Inc – Harris Springs Ranch,Westcare Inc – Harris Springs Ranch
NEVADA,Westcare Nevada Women and Children's Campus,Westcare Nevada Women and Children's Campus
NEW JERSEY,Bancroft - The Lindens Neurobehavioral Program,Bancroft - The Lindens Neurobehavioral Program
NEW JERSEY,Bancroft - Campus Residential Treatment Program,Bancroft - Campus Residential Treatment Program
NEW JERSEY,Manor Woods Residential Community Home,Manor Woods Residential Community Home
NEW JERSEY,Ocean Residential Community Home,Ocean Residential Community Home
NEW YORK,Abbott House Swan Lake Group Home,Abbott House Swan Lake Group Home
NEW YORK,Family Foundation School,Family Foundation School
NEW YORK,Outreach House I,Outreach House I
NEW YORK,"Pathways, Inc. Conable House Community Residence","Pathways, Inc. Conable House Community Residence"
NEW YORK,WellLife Network Setauket CR,WellLife Network Setauket CR
NORTH CAROLINA,Abounding Grace School for Boys,Abounding Grace School for Boys
NORTH CAROLINA,Rotary Adolescent Drug Treatment Center,Rotary Adolescent Drug Treatment Center
NORTH DAKOTA,Home on the Range,Home on the Range
OHIO,Beech Brook,Beech Brook
OHIO,Central Ohio Youth Center,Central Ohio Youth Center
OHIO,Rose-Mary Center,Rose-Mary Center
OHIO,The Heritage of Hannah Neil,The Heritage of Hannah Neil
OKLAHOMA,Baptist Children’s Home Owasso,Baptist Children’s Home Owasso
OKLAHOMA,Baptist Home for Girls,Baptist Home for Girls
OKLAHOMA,Bear Lodge,Bear Lodge
OKLAHOMA,Believe in Me Kiamichi Youth Services,Believe in Me Kiamichi Youth Services
OKLAHOMA,Bison Creek Treatment Services,Bison Creek Treatment Services
OKLAHOMA,Boys Ranch Town Edmond,Boys Ranch Town Edmond
OKLAHOMA,Calm Center,Calm Center
OKLAHOMA,Canadian County Children's Justice Center,Canadian County Children's Justice Center
OKLAHOMA,Cedar Ridge Residential Treatment Facility,Cedar Ridge Residential Treatment Facility
OKLAHOMA,Central Oklahoma Juvenile Center,Central Oklahoma Juvenile Center
OKLAHOMA,Children’s Recovery Center of Oklahoma,Children’s Recovery Center of Oklahoma
OKLAHOMA,Communityworks ITS,Communityworks ITS
OKLAHOMA,Conversion – Kiamichi Youth Services,Conversion – Kiamichi Youth Services
OKLAHOMA,Cookson Hills Christian Ministries,Cookson Hills Christian Ministries
OKLAHOMA,Cornerstone,Cornerstone
OKLAHOMA,Dreamcatcher Kiamichi Youth Services,Dreamcatcher Kiamichi Youth Services
OKLAHOMA,Eagle Lodge,Eagle Lodge
OKLAHOMA,Empower Academy,Empower Academy
OKLAHOMA,Falcon Lodge,Falcon Lodge
OKLAHOMA,G – Kidz Kiamichi Youth Services,G – Kidz Kiamichi Youth Services
OKLAHOMA,Genesis Project,Genesis Project
OKLAHOMA,Goodland Academy,Goodland Academy
OKLAHOMA,Grace Cottage Crisis Pregnancy Center,Grace Cottage Crisis Pregnancy Center
OKLAHOMA,Integris Bass Behavioral Health,Integris Bass Behavioral Health
OKLAHOMA,Integris Mental Health – Spencer,Integris Mental Health – Spencer
OKLAHOMA,Laura Dester Children’s Center,Laura Dester Children’s Center
OKLAHOMA,Laureate Eating Disorders Program,Laureate Eating Disorders Program
OKLAHOMA,Lawton Boy’s Group Home,Lawton Boy’s Group Home
OKLAHOMA,Lighthouse Substance Abuse,Lighthouse Substance Abuse
OKLAHOMA,Moccasin Bend Ranch,Moccasin Bend Ranch
OKLAHOMA,Murrow Indian Children's Home,Murrow Indian Children's Home
OKLAHOMA,Mustang Treatment Center,Mustang Treatment Center
OKLAHOMA,Oaks Indian Mission,Oaks Indian Mission
OKLAHOMA,OFCS Cedar Canyon,OFCS Cedar Canyon
OKLAHOMA,Parker Pointe,Parker Pointe
OKLAHOMA,Parkside,Parkside
OKLAHOMA,Parkside North and South Programs,Parkside North and South Programs
OKLAHOMA,People Inc. Level D Children's Home,People Inc. Level D Children's Home
OKLAHOMA,People Inc. Level D,People Inc. Level D
OKLAHOMA,People Inc. Level E,People Inc. Level E
OKLAHOMA,Positive Outcome - St. Anthony,Positive Outcome - St. Anthony
OKLAHOMA,Red River Youth Academy,Red River Youth Academy
OKLAHOMA,Red Rock Behavioral Health,Red Rock Behavioral Health
OKLAHOMA,ROCMND Group Home,ROCMND Group Home
OKLAHOMA,Safe Haven,Safe Haven
OKLAHOMA,Sand Springs Home,Sand Springs Home
OKLAHOMA,Scissor Tail Point,Scissor Tail Point
OKLAHOMA,Sequoyah – Bartlesville,Sequoyah – Bartlesville
OKLAHOMA,Side of Hope Kiamichi Youth Services,Side of Hope Kiamichi Youth Services
OKLAHOMA,Southern Plains Treatment Services,Southern Plains Treatment Services
OKLAHOMA,Southern Plains Treatment Services - West,Southern Plains Treatment Services - West
OKLAHOMA,Southern Plains Treatment Services -Tulsa,Southern Plains Treatment Services -Tulsa
OKLAHOMA,Southwest Behavioral Health,Southwest Behavioral Health
OKLAHOMA,"Speck Homes Inc, Program I","Speck Homes Inc, Program I"
OKLAHOMA,"Speck Homes Inc, Program II","Speck Homes Inc, Program II"
OKLAHOMA,"Speck Homes Inc, Program III","Speck Homes Inc, Program III"
OKLAHOMA,"Speck Homes Inc, Program IV-Renaissance","Speck Homes Inc, Program IV-Renaissance"
OKLAHOMA,Spencer House Boys’ Group Home,Spencer House Boys’ Group Home
OKLAHOMA,St. Anthony Hospital RTC,St. Anthony Hospital RTC
OKLAHOMA,The Anchor at Rolling Hills,The Anchor at Rolling Hills
OKLAHOMA,The Tipton Home,The Tipton Home
OKLAHOMA,Thunder Ridge,Thunder Ridge
OKLAHOMA,Tulsa Boys Home,Tulsa Boys Home
OKLAHOMA,Welch Skills Center,Welch Skills Center
OKLAHOMA,Westview Boys Home,Westview Boys Home
OKLAHOMA,"White Horse Ranch, LLC","White Horse Ranch, LLC"
OKLAHOMA,Willow Crest Hospital,Willow Crest Hospital
OKLAHOMA,Willow Springs Boys Ranch,Willow Springs Boys Ranch
OKLAHOMA,Wolf Lodge,Wolf Lodge
OREGON,Bailie Memorial Youth Ranch,Bailie Memorial Youth Ranch
OREGON,Bridges Boys Academy,Bridges Boys Academy
OREGON,Judge Patricia H. Clark Children and Family Justice Center,Judge Patricia H. Clark Children and Family Justice Center
OREGON,Madrona Recovery,Madrona Recovery
OREGON,Multnomah A&E Program,Multnomah A&E Program
PENNSYLVANIA,Carlisle Indian Industrial School,Carlisle Indian Industrial School
TENNESSEE,"A King's Place Specialty Group Home, Inc.","A King's Place Specialty Group Home, Inc."
TENNESSEE,Acadia Village,Acadia Village
TENNESSEE,Bachman Academy,Bachman Academy
TENNESSEE,Bill's Place,Bill's Place
TENNESSEE,CCS Adolescent Residential Center,CCS Adolescent Residential Center
TENNESSEE,Cedar Grove RTC,Cedar Grove RTC
TENNESSEE,Center for Success and Independence - Cleveland Academy,Center for Success and Independence - Cleveland Academy
TENNESSEE,Center for Success and Independence - Elizabethton Academy,Center for Success and Independence - Elizabethton Academy
TENNESSEE,Center for Success and Independence - Memphis Youth Academy,Center for Success and Independence - Memphis Youth Academy
TENNESSEE,Center for Success and Independence - Roane Academy,Center for Success and Independence - Roane Academy
TENNESSEE,Chad Youth Enhancement Center - Oak Plains Academy,Chad Youth Enhancement Center - Oak Plains Academy
TENNESSEE,Compass Intervention Center,Compass Intervention Center
TENNESSEE,"Comprehensive Community Services, Inc.","Comprehensive Community Services, Inc."
TENNESSEE,CSI - Bledsoe Youth Academy,CSI - Bledsoe Youth Academy
TENNESSEE,CSI - Rosewood Youth Academy,CSI - Rosewood Youth Academy
TENNESSEE,Eden of Youth Town,Eden of Youth Town
TENNESSEE,Fairhaven Treatment Center,Fairhaven Treatment Center
TENNESSEE,Hermitage Hall,Hermitage Hall
TENNESSEE,Hope Hall,Hope Hall
TENNESSEE,Janie's House,Janie's House
TENNESSEE,Lakebrook,Lakebrook
TENNESSEE,Lakeside Behavioral Health System,Lakeside Behavioral Health System
TENNESSEE,"Lebanon Academy, A Center for Success and Independence","Lebanon Academy, A Center for Success and Independence"
TENNESSEE,McDowell Center for Children,McDowell Center for Children
TENNESSEE,Miller Hall,Miller Hall
TENNESSEE,"Mount Juliet Academy, A Center for Success and Independence","Mount Juliet Academy, A Center for Success and Independence"
TENNESSEE,Mountain View Academy,Mountain View Academy
TENNESSEE,Mountain Youth Academy,Mountain Youth Academy
TENNESSEE,Natchez Trace Youth Academy,Natchez Trace Youth Academy
TENNESSEE,Norris Academy,Norris Academy
TENNESSEE,Parkridge Valley Hospital,Parkridge Valley Hospital
TENNESSEE,Perimeter Behavioral of Jackson,Perimeter Behavioral of Jackson
TENNESSEE,Rose Center for Girls,Rose Center for Girls
TENNESSEE,Rotary Hall,Rotary Hall
TENNESSEE,Scholze Adolescent Center,Scholze Adolescent Center
TENNESSEE,Second Chance Ministry,Second Chance Ministry
TENNESSEE,Standing Tall Music City/Hollis Academy,Standing Tall Music City/Hollis Academy
TENNESSEE,SteppenStone Youth Treatment Center,SteppenStone Youth Treatment Center
TENNESSEE,Tennessee Valley Juvenile Detention,Tennessee Valley Juvenile Detention
TENNESSEE,The Florence Crittenton Agency,The Florence Crittenton Agency
TENNESSEE,The Forge School,The Forge School
TENNESSEE,The Gateway Center,The Gateway Center
TENNESSEE,The King's Daughters' School Center for Autism,The King's Daughters' School Center for Autism
TENNESSEE,Woolfolk Hall,Woolfolk Hall
TENNESSEE,Youth Villages - Dogwood Cottages,Youth Villages - Dogwood Cottages
TEXAS,2nd Chance Treatment Center,2nd Chance Treatment Center
TEXAS,4 Healing Hearts,4 Healing Hearts
TEXAS,A Fresh Start RTC,A Fresh Start RTC
TEXAS,A Fresh Start Treatment Center,A Fresh Start Treatment Center
TEXAS,Abundance of Joy Home Shelter,Abundance of Joy Home Shelter
TEXAS,ACH Child and Family Services,ACH Child and Family Services
TEXAS,AMIkids Rio Grande Valley,AMIkids Rio Grande Valley
TEXAS,"Annunciation Maternity Home, Inc.","Annunciation Maternity Home, Inc."
TEXAS,Athletes for Change,Athletes for Change
TEXAS,BCFS Health and Human Services – Basic Care,BCFS Health and Human Services – Basic Care
TEXAS,Behavior Living,Behavior Living
TEXAS,Ben Richey’s Boys Ranch,Ben Richey’s Boys Ranch
TEXAS,Bluebonnet Youth Ranch,Bluebonnet Youth Ranch
TEXAS,Boles Children's Home Inc,Boles Children's Home Inc
TEXAS,Boys & Girls Country of Houston,Boys & Girls Country of Houston
TEXAS,Boys Haven of America,Boys Haven of America
TEXAS,Brookhaven Youth Ranch,Brookhaven Youth Ranch
TEXAS,Brownson Home,Brownson Home
TEXAS,Burke Center for Youth - Pathfinder’s Ranch,Burke Center for Youth - Pathfinder’s Ranch
TEXAS,"Camp Worth, LLC","Camp Worth, LLC"
TEXAS,Caring Heart Residential Care Services LLC,Caring Heart Residential Care Services LLC
TEXAS,Castillo Children's Center,Castillo Children's Center
TEXAS,Central Texas Children’s Home,Central Texas Children’s Home
TEXAS,Champion Oak Ranch,Champion Oak Ranch
TEXAS,Children’s Hope Residential Services Inc – Lubbock,Children’s Hope Residential Services Inc – Lubbock
TEXAS,Children’s Hope Residential Services Inc – Washington,Children’s Hope Residential Services Inc – Washington
TEXAS,Children’s Hope Residential Services Inc – West,Children’s Hope Residential Services Inc – West
TEXAS,"Children’s Village and Family Service Agency, Inc.","Children’s Village and Family Service Agency, Inc."
TEXAS,"Children's Hope Residential Services, Inc.","Children's Hope Residential Services, Inc."
TEXAS,CHRIO Residential,CHRIO Residential
TEXAS,Christ’s Haven for Children,Christ’s Haven for Children
TEXAS,CHS Loma Alta Shelter,CHS Loma Alta Shelter
TEXAS,CHS Trail House Program,CHS Trail House Program
TEXAS,CHSI Los Fresnos Shelter,CHSI Los Fresnos Shelter
TEXAS,CHSI Norma Linda Shelter,CHSI Norma Linda Shelter
TEXAS,CHSI Stanford House Shelter,CHSI Stanford House Shelter
TEXAS,"Connections Individual and Family Services, Inc.","Connections Individual and Family Services, Inc."
TEXAS,DePelchin Children’s Center-Richmond Campus,DePelchin Children’s Center-Richmond Campus
TEXAS,Dream Residential Treatment Center Inc.,Dream Residential Treatment Center Inc.
TEXAS,Embracing Destiny Foundation GRO,Embracing Destiny Foundation GRO
TEXAS,Embracing Destiny Foundation RTC,Embracing Destiny Foundation RTC
TEXAS,Everyday Life Inc,Everyday Life Inc
TEXAS,Girls Haven RTC,Girls Haven RTC
TEXAS,Gold Star Academy,Gold Star Academy
TEXAS,Grace Place,Grace Place
TEXAS,Guardian Angels I Residential Treatment Center,Guardian Angels I Residential Treatment Center
TEXAS,Guiding Light Residential Treatment Center LLC,Guiding Light Residential Treatment Center LLC
TEXAS,Gulf Coast Trades Center,Gulf Coast Trades Center
TEXAS,Gulf Winds RTC,Gulf Winds RTC
TEXAS,Have Haven Inc. RTC,Have Haven Inc. RTC
TEXAS,HeartBridges,HeartBridges
TEXAS,Hearts With Hope Foundation - GRO,Hearts With Hope Foundation - GRO
TEXAS,Hector Garza Residential Treatment Center,Hector Garza Residential Treatment Center
TEXAS,Hendrick Home for Children,Hendrick Home for Children
TEXAS,Hidden Cove Residential Treatment Center,Hidden Cove Residential Treatment Center
TEXAS,High Frontier RTC,High Frontier RTC
TEXAS,Hill Country Youth Ranch Residential Treatment Center,Hill Country Youth Ranch Residential Treatment Center
TEXAS,"HMIH Cedar Crest, LLC","HMIH Cedar Crest, LLC"
TEXAS,Hold My Hand Residential Treatment Center,Hold My Hand Residential Treatment Center
TEXAS,Hope Haven of East Texas,Hope Haven of East Texas
TEXAS,Hope Village,Hope Village
TEXAS,Houston Serenity Place GRO,Houston Serenity Place GRO
TEXAS,Houston Serenity Place Inc.,Houston Serenity Place Inc.
TEXAS,Houston Wee Care Shelter Inc,Houston Wee Care Shelter Inc
TEXAS,Independence Farm,Independence Farm
TEXAS,Journey To Dream – Kyle’s Place,Journey To Dream – Kyle’s Place
TEXAS,Kidz Safe Harbor Treatment Center LLC,Kidz Safe Harbor Treatment Center LLC
TEXAS,Kirby’s Place,Kirby’s Place
TEXAS,Krause Children’s Center RTC,Krause Children’s Center RTC
TEXAS,L’Amor Village RTC,L’Amor Village RTC
TEXAS,"La Maison, LLC","La Maison, LLC"
TEXAS,Lean on Me Family,Lean on Me Family
TEXAS,Lee and Beulah Moor Children’s Home,Lee and Beulah Moor Children’s Home
TEXAS,Legacy Youth,Legacy Youth
TEXAS,Life’s Purpose Residential Treatment Center,Life’s Purpose Residential Treatment Center
TEXAS,Medina Children's Home,Medina Children's Home
TEXAS,Methodist Children’s Home BCC,Methodist Children’s Home BCC
TEXAS,"Minola’s Place of Texas, Inc.","Minola’s Place of Texas, Inc."
TEXAS,Miracal’s Place,Miracal’s Place
TEXAS,Miracle Farm Inc,Miracle Farm Inc
TEXAS,New Encounters Residential Treatment,New Encounters Residential Treatment
TEXAS,New Hope Christian Academy,New Hope Christian Academy
TEXAS,New Life Children's Center RTC,New Life Children's Center RTC
TEXAS,North Fork Educational Center,North Fork Educational Center
TEXAS,"Open Arms Open Hearts Foundation, LLC","Open Arms Open Hearts Foundation, LLC"
TEXAS,Pathways 3H Youth Ranch,Pathways 3H Youth Ranch
TEXAS,Positive Steps Inc,Positive Steps Inc
TEXAS,Prairie Harbor RTC,Prairie Harbor RTC
TEXAS,"Promise Rose Residential Care Home, Inc.","Promise Rose Residential Care Home, Inc."
TEXAS,"Renewed Strength, Inc.","Renewed Strength, Inc."
TEXAS,"Renewed Strength, Inc. East","Renewed Strength, Inc. East"
TEXAS,Respectful Zone Emergency Shelter,Respectful Zone Emergency Shelter
TEXAS,Rising Star GRO,Rising Star GRO
TEXAS,Road to Wisdom LLC,Road to Wisdom LLC
TEXAS,Rob & Simon’s Hawthorne House,Rob & Simon’s Hawthorne House
TEXAS,Robbins Nest for Children,Robbins Nest for Children
TEXAS,Roy Maas Youth Alternative – Girlsville/Junction,Roy Maas Youth Alternative – Girlsville/Junction
TEXAS,Roy Maas Youth Alternatives Meadows,Roy Maas Youth Alternatives Meadows
TEXAS,Sacred Heart Children's Home,Sacred Heart Children's Home
TEXAS,Safe Haven Youth Ranch,Safe Haven Youth Ranch
TEXAS,Sanctuary of Hope,Sanctuary of Hope
TEXAS,Shamar Hope Haven Residential Treatment Center,Shamar Hope Haven Residential Treatment Center
TEXAS,Sheltering Harbour,Sheltering Harbour
TEXAS,Sherwood-Myrtie Foster Home Fo,Sherwood-Myrtie Foster Home Fo
TEXAS,Shiloh Treatment Center,Shiloh Treatment Center
TEXAS,"Silver Lining Residential, LLC","Silver Lining Residential, LLC"
TEXAS,South Texas Adolescent Rehabilitation & Education – STARE,South Texas Adolescent Rehabilitation & Education – STARE
TEXAS,South Texas Children’s Home,South Texas Children’s Home
TEXAS,Southwest Key Program Inc,Southwest Key Program Inc
TEXAS,Southwest Key Programs - Casa Antigua,Southwest Key Programs - Casa Antigua
TEXAS,Southwest Key Programs - Casa Blanca,Southwest Key Programs - Casa Blanca
TEXAS,Southwest Key Programs - Casa El Presidente,Southwest Key Programs - Casa El Presidente
TEXAS,Southwest Key Programs - Casa Franklin,Southwest Key Programs - Casa Franklin
TEXAS,Southwest Key Programs - Casa Houston,Southwest Key Programs - Casa Houston
TEXAS,Southwest Key Programs - Casa Montezuma,Southwest Key Programs - Casa Montezuma
TEXAS,Southwest Key Programs - Casa Oasis,Southwest Key Programs - Casa Oasis
TEXAS,Southwest Key Programs - Casa Padre,Southwest Key Programs - Casa Padre
TEXAS,Southwest Key Programs - Casa Quetzal,Southwest Key Programs - Casa Quetzal
TEXAS,Southwest Key Programs - Casa Rio Grande,Southwest Key Programs - Casa Rio Grande
TEXAS,Southwest Key Programs - Casa Sueno,Southwest Key Programs - Casa Sueno
TEXAS,Southwest Key Programs - Casa Sunzal,Southwest Key Programs - Casa Sunzal
TEXAS,Southwest Key Programs - Casita Del Valle,Southwest Key Programs - Casita Del Valle
TEXAS,Southwest Key Programs - La Esperanza,Southwest Key Programs - La Esperanza
TEXAS,Southwest Key Programs - Nueva Esperanza,Southwest Key Programs - Nueva Esperanza
TEXAS,Southwest Key Shelter Care Program,Southwest Key Shelter Care Program
TEXAS,St. Michael’s Home for Children,St. Michael’s Home for Children
TEXAS,St. Michael’s Home for Children II,St. Michael’s Home for Children II
TEXAS,Stadium Shelter,Stadium Shelter
TEXAS,Texas Pythian Home Inc,Texas Pythian Home Inc
TEXAS,"Texas Tranquility Estates, Inc.","Texas Tranquility Estates, Inc."
TEXAS,The Burke Foundation-Pathfinders RTC,The Burke Foundation-Pathfinders RTC
TEXAS,The Care Cottage,The Care Cottage
TEXAS,The Children’s Home,The Children’s Home
TEXAS,The Children's Home of Lubbock,The Children's Home of Lubbock
TEXAS,The Gladney Center,The Gladney Center
TEXAS,The Lighthouse for the Betterment of Life,The Lighthouse for the Betterment of Life
TEXAS,The Settlement Club Home GRO,The Settlement Club Home GRO
TEXAS,Thompson’s Residential Treatment Center- Farmersville,Thompson’s Residential Treatment Center- Farmersville
TEXAS,Today’s Harbor for Children,Today’s Harbor for Children
TEXAS,Turning Point Children’s Social Service,Turning Point Children’s Social Service
TEXAS,Unique Avenue,Unique Avenue
TEXAS,VisionQuest Residential Fort Worth,VisionQuest Residential Fort Worth
TEXAS,West Texas Boys Ranch,West Texas Boys Ranch
TEXAS,"Whale of Hope, Inc.","Whale of Hope, Inc."
TEXAS,Whispering Hills Achievement Center,Whispering Hills Achievement Center
TEXAS,Willow Bend Center,Willow Bend Center
TEXAS,Wilton Place RTC,Wilton Place RTC
TEXAS,Youth and Family Enrichment Centers Inc,Youth and Family Enrichment Centers Inc
TEXAS,Youth Reach,Youth Reach
UTAH,Benchmark Behavioral Health Systems,Benchmark Behavioral Health Systems
UTAH,Lost and Found Academy,Lost and Found Academy
UTAH,Northstar Youth Academy,Northstar Youth Academy
UTAH,The Journey: Blazing New Trails Impact Ranch,The Journey: Blazing New Trails Impact Ranch
UTAH,Vista Sage,Vista Sage
UTAH,Woodland Hills Maternity Home,Woodland Hills Maternity Home
VIRGINIA,Bon Air Juvenile Correctional Center,Bon Air Juvenile Correctional Center
VIRGINIA,Childhelp USA,Childhelp USA
VIRGINIA,Sheltercare NOVA Group Home,Sheltercare NOVA Group Home
WASHINGTON,Twin Rivers Community Facility,Twin Rivers Community Facility
WEST VIRGINIA,Cammack Children’s Center,Cammack Children’s Center
WEST VIRGINIA,Miracle Meadows School,Miracle Meadows School
WYOMING,Adams Canyon Crisis,Adams Canyon Crisis
WYOMING,Big Horn Basin Adolescent Programs,Big Horn Basin Adolescent Programs
WYOMING,BOCES,BOCES
WYOMING,Carbon County Youth Crisis Center,Carbon County Youth Crisis Center
WYOMING,Cathedral Home for Youth,Cathedral Home for Youth
WYOMING,Converse County Group Home,Converse County Group Home
WYOMING,Fremont County Group Homes – Boys – Riverton,Fremont County Group Homes – Boys – Riverton
WYOMING,Fremont County Group Homes – Girls – Lander,Fremont County Group Homes – Girls – Lander
WYOMING,Green River Youth Home,Green River Youth Home
WYOMING,Heart Mountain New Beginnings,Heart Mountain New Beginnings
WYOMING,Laramie Youth Crisis Center,Laramie Youth Crisis Center
WYOMING,Machaseh Children’s Ranch,Machaseh Children’s Ranch
WYOMING,Milestone Youth Home,Milestone Youth Home
WYOMING,New BOCES,New BOCES
WYOMING,"Normative Services Academy, Inc.","Normative Services Academy, Inc."
WYOMING,Red Top Meadows,Red Top Meadows
WYOMING,Rock Springs Youth Home,Rock Springs Youth Home
WYOMING,St. Joseph’s Children’s Home,St. Joseph’s Children’s Home
WYOMING,Triangle Cross Boys Ranch,Triangle Cross Boys Ranch
WYOMING,"Trinity Teen Solutions, Inc.","Trinity Teen Solutions, Inc."
WYOMING,Van Vleck House,Van Vleck House
WYOMING,Wyoming Behavioral Institute Pathways Residential,Wyoming Behavioral Institute Pathways Residential
WYOMING,Wyoming Boys’ School,Wyoming Boys’ School
WYOMING,Wyoming Girls’ School,Wyoming Girls’ School
WYOMING,Y.E.S. House,Y.E.S. House
WYOMING,YCC and Hemry Home,YCC and Hemry Home
WYOMING,Youth Alternatives Home Assoc.,Youth Alternatives Home Assoc.
WYOMING,Youth Home Inc. - Green River,Youth Home Inc. - Green River
WYOMING,Youth Home Inc. - Rock Springs,Youth Home Inc. - Rock Springs
