unique_name,facility_name,reason
"2nd Home, Inc - San Jose","2nd Home, Inc - San Jose",single-facility CA project; name already in CALIFORNIA
"2nd Home, Inc - Tenaya House","2nd Home, Inc - Tenaya House",single-facility CA project; name already in CALIFORNIA
Aaron's Boys Home,Aaron's Boys Home,single-facility CA project; name already in CALIFORNIA
About Face Cadet Corps,About Face Cadet Corps,single-facility CA project; name already in CALIFORNIA
Achieve Residential Center,Achieve Residential Center,single-facility CA project; name already in CALIFORNIA
Adeona Healthcare,Adeona Healthcare,single-facility CA project; name already in CALIFORNIA
Adolescent Growth,Adolescent Growth,single-facility CA project; name already in CALIFORNIA
Advent Group Ministries - Summit Ranch,Advent Group Ministries - Summit Ranch,single-facility CA project; name already in CALIFORNIA
Agape Homes Orcutt,Agape Homes Orcutt,single-facility CA project; name already in CALIFORNIA
Agoura Hills RTC,Agoura Hills RTC,single-facility CA project; name already in CALIFORNIA
Alan M. Crogan Youth Treatment/Educational Center,Alan M. Crogan Youth Treatment/Educational Center,single-facility CA project; name already in CALIFORNIA
Alana's House,Alana's House,single-facility CA project; name already in CALIFORNIA
Alpha Connection Youth & Family Services,Alpha Connection Youth & Family Services,single-facility CA project; name already in CALIFORNIA
Alameda County Juvenile Justice Facility,Alameda County Juvenile Justice Facility,single-facility CA project; name already in CALIFORNIA
Amali,Amali,single-facility CA project; name already in CALIFORNIA
Angel Gate Academy,Angel Gate Academy,single-facility CA project; name already in CALIFORNIA
Arden Oaks RTC,Arden Oaks RTC,single-facility CA project; name already in CALIFORNIA
"Argent Ventures, Inc.","Argent Ventures, Inc.",single-facility CA project; name already in CALIFORNIA
Arise for Girls Los Angeles,Arise for Girls Los Angeles,single-facility CA project; name already in CALIFORNIA
Ascend – Canyons,Ascend – Canyons,single-facility CA project; name already in CALIFORNIA
Ascend – Empress House,Ascend – Empress House,single-facility CA project; name already in CALIFORNIA
Ascend – Haven House,Ascend – Haven House,single-facility CA project; name already in CALIFORNIA
Ascend – Kallos House,Ascend – Kallos House,single-facility CA project; name already in CALIFORNIA
Ascend – Magnolia House,Ascend – Magnolia House,single-facility CA project; name already in CALIFORNIA
Ascend – Oaks House,Ascend – Oaks House,single-facility CA project; name already in CALIFORNIA
Ashlan House,Ashlan House,single-facility CA project; name already in CALIFORNIA
Atkinson Family Services,Atkinson Family Services,single-facility CA project; name already in CALIFORNIA
Aura RTC,Aura RTC,single-facility CA project; name already in CALIFORNIA
Barry J. Nidorf Juvenile Hall SYTF,Barry J. Nidorf Juvenile Hall SYTF,single-facility CA project; name already in CALIFORNIA
Barstow House,Barstow House,single-facility CA project; name already in CALIFORNIA
Bauer Residential Santa Maria 3 Group Home,Bauer Residential Santa Maria 3 Group Home,single-facility CA project; name already in CALIFORNIA
Bayfront Youth and Family Services - Residential Treatment Program,Bayfront Youth and Family Services - Residential Treatment Program,single-facility CA project; name already in CALIFORNIA
Bea's Youth Treatment Home for Girls,Bea's Youth Treatment Home for Girls,single-facility CA project; name already in CALIFORNIA
Beachside Teen Treatment,Beachside Teen Treatment,single-facility CA project; name already in CALIFORNIA
Bear Creek Academy Youth Camp,Bear Creek Academy Youth Camp,single-facility CA project; name already in CALIFORNIA
Bella Vista @ Taylor,Bella Vista @ Taylor,single-facility CA project; name already in CALIFORNIA
Bella Vista @ Wyoming,Bella Vista @ Wyoming,single-facility CA project; name already in CALIFORNIA
Bell Academy,Bell Academy,single-facility CA project; name already in CALIFORNIA
Berhe Group Home Inc.,Berhe Group Home Inc.,single-facility CA project; name already in CALIFORNIA
Berkeley Cottage,Berkeley Cottage,single-facility CA project; name already in CALIFORNIA
Berkeley Lodge,Berkeley Lodge,single-facility CA project; name already in CALIFORNIA
Betty's House of Care,Betty's House of Care,single-facility CA project; name already in CALIFORNIA
Blissful Living Group Home,Blissful Living Group Home,single-facility CA project; name already in CALIFORNIA
Blue Mountain Wilderness Program,Blue Mountain Wilderness Program,single-facility CA project; name already in CALIFORNIA
Blume Behavioral Health RTC,Blume Behavioral Health RTC,single-facility CA project; name already in CALIFORNIA
BNI Teen Treatment Centers - Agoura,BNI Teen Treatment Centers - Agoura,single-facility CA project; name already in CALIFORNIA
BNI Teen Treatment Centers - Calabasas,BNI Teen Treatment Centers - Calabasas,single-facility CA project; name already in CALIFORNIA
Born for Nia Maternity Home,Born for Nia Maternity Home,single-facility CA project; name already in CALIFORNIA
Bourne Family Services,Bourne Family Services,single-facility CA project; name already in CALIFORNIA
Boys Hope Girls Hope of Southern California,Boys Hope Girls Hope of Southern California,single-facility CA project; name already in CALIFORNIA
Boys Republic,Boys Republic,single-facility CA project; name already in CALIFORNIA
Boys Republic Graves Cottage STRTP,Boys Republic Graves Cottage STRTP,single-facility CA project; name already in CALIFORNIA
Boys Republic McCormick STRTP,Boys Republic McCormick STRTP,single-facility CA project; name already in CALIFORNIA
Boys Republic Monrovia Residence,Boys Republic Monrovia Residence,single-facility CA project; name already in CALIFORNIA
Boys Republic Pomona Residence,Boys Republic Pomona Residence,single-facility CA project; name already in CALIFORNIA
Boys Republic Silverlake Residence,Boys Republic Silverlake Residence,single-facility CA project; name already in CALIFORNIA
Breaking the Cycle Treatment Program,Breaking the Cycle Treatment Program,single-facility CA project; name already in CALIFORNIA
Brighter Horizon Treatment Center,Brighter Horizon Treatment Center,single-facility CA project; name already in CALIFORNIA
Building Unique Youth Alternatives,Building Unique Youth Alternatives,single-facility CA project; name already in CALIFORNIA
Bruce & Nelson Residential Facility,Bruce & Nelson Residential Facility,single-facility CA project; name already in CALIFORNIA
Build Bright Care Group,Build Bright Care Group,single-facility CA project; name already in CALIFORNIA
Burt Children's Center,Burt Children's Center,single-facility CA project; name already in CALIFORNIA
Butte County Camp Condor,Butte County Camp Condor,single-facility CA project; name already in CALIFORNIA
Butte County Juvenile Hall,Butte County Juvenile Hall,single-facility CA project; name already in CALIFORNIA
Calabasas RTC,Calabasas RTC,single-facility CA project; name already in CALIFORNIA
California Family Life Center - Hemet House,California Family Life Center - Hemet House,single-facility CA project; name already in CALIFORNIA
California Family Life Center - Hemet Ranch,California Family Life Center - Hemet Ranch,single-facility CA project; name already in CALIFORNIA
California Family Life Center - Sunset House,California Family Life Center - Sunset House,single-facility CA project; name already in CALIFORNIA
"Cameron Youth Home Facilities, Inc.","Cameron Youth Home Facilities, Inc.",single-facility CA project; name already in CALIFORNIA
Camp Erwin Owen,Camp Erwin Owen,single-facility CA project; name already in CALIFORNIA
Camp Joseph Scott,Camp Joseph Scott,single-facility CA project; name already in CALIFORNIA
Camp O'Neal,Camp O'Neal,single-facility CA project; name already in CALIFORNIA
Camp Resnick,Camp Resnick,single-facility CA project; name already in CALIFORNIA
Camp Wilmont Sweeney,Camp Wilmont Sweeney,single-facility CA project; name already in CALIFORNIA
Campus Kilpatrick SYTF,Campus Kilpatrick SYTF,single-facility CA project; name already in CALIFORNIA
Camry Group Home,Camry Group Home,single-facility CA project; name already in CALIFORNIA
Canyon Oaks Youth Center,Canyon Oaks Youth Center,single-facility CA project; name already in CALIFORNIA
Capistrano-By-the-Sea,Capistrano-By-the-Sea,single-facility CA project; name already in CALIFORNIA
Casa de Amparo - Casa Kids Campus STRTP,Casa de Amparo - Casa Kids Campus STRTP,single-facility CA project; name already in CALIFORNIA
Casa Esperanza STRTP - Chino,Casa Esperanza STRTP - Chino,single-facility CA project; name already in CALIFORNIA
Casa Esperanza STRTP - Pomona,Casa Esperanza STRTP - Pomona,single-facility CA project; name already in CALIFORNIA
Casa Pacifica STRTP,Casa Pacifica STRTP,single-facility CA project; name already in CALIFORNIA
Cascade School,Cascade School,single-facility CA project; name already in CALIFORNIA
Center for Reuniting Families,Center for Reuniting Families,single-facility CA project; name already in CALIFORNIA
Center for ReUniting Families at Camp Osceola,Center for ReUniting Families at Camp Osceola,single-facility CA project; name already in CALIFORNIA
Core Conditions Inc. - Oak,Core Conditions Inc. - Oak,single-facility CA project; name already in CALIFORNIA
Core Conditions Inc. - Brawley,Core Conditions Inc. - Brawley,single-facility CA project; name already in CALIFORNIA
Core Conditions Inc. - Dakota,Core Conditions Inc. - Dakota,single-facility CA project; name already in CALIFORNIA
CCJ - Heart to Heart,CCJ - Heart to Heart,single-facility CA project; name already in CALIFORNIA
CEDU Middle School,CEDU Middle School,single-facility CA project; name already in CALIFORNIA
Celeste House,Celeste House,single-facility CA project; name already in CALIFORNIA
Central Valley Juvenile Detention & Assessment Center,Central Valley Juvenile Detention & Assessment Center,single-facility CA project; name already in CALIFORNIA
Chamberlain's Youth Services,Chamberlain's Youth Services,single-facility CA project; name already in CALIFORNIA
"Changing Faces, Inc","Changing Faces, Inc",single-facility CA project; name already in CALIFORNIA
Charis Youth Center,Charis Youth Center,single-facility CA project; name already in CALIFORNIA
Childhelp - Joann,Childhelp - Joann,single-facility CA project; name already in CALIFORNIA
Childhelp - Johnson,Childhelp - Johnson,single-facility CA project; name already in CALIFORNIA
Childhelp - Merv Griffin Village,Childhelp - Merv Griffin Village,single-facility CA project; name already in CALIFORNIA
Children's Home of Stockton - Alpine Cottage,Children's Home of Stockton - Alpine Cottage,single-facility CA project; name already in CALIFORNIA
Children's Home of Stockton - Aspen Cottage,Children's Home of Stockton - Aspen Cottage,single-facility CA project; name already in CALIFORNIA
Children's Home of Stockton - Cypress Cottage,Children's Home of Stockton - Cypress Cottage,single-facility CA project; name already in CALIFORNIA
Children's Home of Stockton - Delta Cottage,Children's Home of Stockton - Delta Cottage,single-facility CA project; name already in CALIFORNIA
Children's Home of Stockton - Oak Cottage,Children's Home of Stockton - Oak Cottage,single-facility CA project; name already in CALIFORNIA
Children's Home of Stockton - Redwood Cottage,Children's Home of Stockton - Redwood Cottage,single-facility CA project; name already in CALIFORNIA
Children's Home of Stockton - Triplex Cottages,Children's Home of Stockton - Triplex Cottages,single-facility CA project; name already in CALIFORNIA
Children's Hope Group Home,Children's Hope Group Home,single-facility CA project; name already in CALIFORNIA
Children's Legacy Center,Children's Legacy Center,single-facility CA project; name already in CALIFORNIA
Children's Receiving Home of Sacramento RTP,Children's Receiving Home of Sacramento RTP,single-facility CA project; name already in CALIFORNIA
Circle C Ranch,Circle C Ranch,single-facility CA project; name already in CALIFORNIA
Coastal Valley Academy,Coastal Valley Academy,single-facility CA project; name already in CALIFORNIA
Cole Ranch RTC,Cole Ranch RTC,single-facility CA project; name already in CALIFORNIA
Contra Costa Juvenile Hall,Contra Costa Juvenile Hall,single-facility CA project; name already in CALIFORNIA
Corinthians Helping Hand Group Home,Corinthians Helping Hand Group Home,single-facility CA project; name already in CALIFORNIA
Courage to Change,Courage to Change,single-facility CA project; name already in CALIFORNIA
Creekside STRP,Creekside STRP,single-facility CA project; name already in CALIFORNIA
Crittenton Services for Children and Families STRTP,Crittenton Services for Children and Families STRTP,single-facility CA project; name already in CALIFORNIA
Danville RTC,Danville RTC,single-facility CA project; name already in CALIFORNIA
Daniel and Nancy Marble Casa De Ninos,Daniel and Nancy Marble Casa De Ninos,single-facility CA project; name already in CALIFORNIA
Daughter Project Girls Home,Daughter Project Girls Home,single-facility CA project; name already in CALIFORNIA
David and Margaret Youth and Family Services STRTP,David and Margaret Youth and Family Services STRTP,single-facility CA project; name already in CALIFORNIA
Desert Sage Youth Wellness Center,Desert Sage Youth Wellness Center,single-facility CA project; name already in CALIFORNIA
Dignity STRTP,Dignity STRTP,single-facility CA project; name already in CALIFORNIA
DN Associates - Blythe,DN Associates - Blythe,single-facility CA project; name already in CALIFORNIA
DN Associates - Polk,DN Associates - Polk,single-facility CA project; name already in CALIFORNIA
Door to Hope - Santa Lucia,Door to Hope - Santa Lucia,single-facility CA project; name already in CALIFORNIA
Dorothy Kirby Center SYTF,Dorothy Kirby Center SYTF,single-facility CA project; name already in CALIFORNIA
Dove Song RTC,Dove Song RTC,single-facility CA project; name already in CALIFORNIA
Downs & Martin Children Services,Downs & Martin Children Services,single-facility CA project; name already in CALIFORNIA
EA Nighthawk STRTP,EA Nighthawk STRTP,single-facility CA project; name already in CALIFORNIA
Eagle Eye - Horizons,Eagle Eye - Horizons,single-facility CA project; name already in CALIFORNIA
Eagle Eye - Vista,Eagle Eye - Vista,single-facility CA project; name already in CALIFORNIA
Eagle's Wings Ranch,Eagle's Wings Ranch,single-facility CA project; name already in CALIFORNIA
East Mesa Juvenile Detention Facility,East Mesa Juvenile Detention Facility,single-facility CA project; name already in CALIFORNIA
Echo Malibu Youth Treatment Center,Echo Malibu Youth Treatment Center,single-facility CA project; name already in CALIFORNIA
Edgewood Center for Children and Families STRTP,Edgewood Center for Children and Families STRTP,single-facility CA project; name already in CALIFORNIA
Eggleston - Ontario STRTP,Eggleston - Ontario STRTP,single-facility CA project; name already in CALIFORNIA
Eggleston Upland Group Home,Eggleston Upland Group Home,single-facility CA project; name already in CALIFORNIA
Eggleston West Covina Group Home,Eggleston West Covina Group Home,single-facility CA project; name already in CALIFORNIA
Eggleston Youth Center,Eggleston Youth Center,single-facility CA project; name already in CALIFORNIA
El Dorado Juvenile Treatment Center,El Dorado Juvenile Treatment Center,single-facility CA project; name already in CALIFORNIA
Elite Family Systems Inc. - Banyan Home,Elite Family Systems Inc. - Banyan Home,single-facility CA project; name already in CALIFORNIA
Elite Family Systems Inc. - Blaker Home,Elite Family Systems Inc. - Blaker Home,single-facility CA project; name already in CALIFORNIA
Elite Family Systems Inc. - Leslie Home,Elite Family Systems Inc. - Leslie Home,single-facility CA project; name already in CALIFORNIA
Elite Family Systems Inc. - Scoffield Home,Elite Family Systems Inc. - Scoffield Home,single-facility CA project; name already in CALIFORNIA
Elysian STRTP,Elysian STRTP,single-facility CA project; name already in CALIFORNIA
Embolden Youth Services - Iris House,Embolden Youth Services - Iris House,single-facility CA project; name already in CALIFORNIA
Ettie Lee Homes - Fontana Home,Ettie Lee Homes - Fontana Home,single-facility CA project; name already in CALIFORNIA
Ettie Lee Homes - Robertson Memorial Home,Ettie Lee Homes - Robertson Memorial Home,single-facility CA project; name already in CALIFORNIA
Faith Home Teen Ranch,Faith Home Teen Ranch,single-facility CA project; name already in CALIFORNIA
Family First Growth Camp,Family First Growth Camp,single-facility CA project; name already in CALIFORNIA
Family Life Center,Family Life Center,single-facility CA project; name already in CALIFORNIA
Family of Programs STRTP,Family of Programs STRTP,single-facility CA project; name already in CALIFORNIA
Father's Heart Ranch,Father's Heart Ranch,single-facility CA project; name already in CALIFORNIA
Ferree's Group Home,Ferree's Group Home,single-facility CA project; name already in CALIFORNIA
"First Chance at Success Children's Home, Inc.","First Chance at Success Children's Home, Inc.",single-facility CA project; name already in CALIFORNIA
First Step Treatment Home,First Step Treatment Home,single-facility CA project; name already in CALIFORNIA
Five Acres - Solita Home,Five Acres - Solita Home,single-facility CA project; name already in CALIFORNIA
Five Acres STRTP - Colby,Five Acres STRTP - Colby,single-facility CA project; name already in CALIFORNIA
Forest Farms,Forest Farms,single-facility CA project; name already in CALIFORNIA
Fred C. Nelles Youth Correctional Facility,Fred C. Nelles Youth Correctional Facility,single-facility CA project; name already in CALIFORNIA
Fred D. Jones Youth Center,Fred D. Jones Youth Center,single-facility CA project; name already in CALIFORNIA
Fred Finch Youth & Family Services - New Yosemite,Fred Finch Youth & Family Services - New Yosemite,single-facility CA project; name already in CALIFORNIA
Fred Finch Youth & Family Services - San Diego Dual Diagnosis,Fred Finch Youth & Family Services - San Diego Dual Diagnosis,single-facility CA project; name already in CALIFORNIA
Fresno Youth for Christ,Fresno Youth for Christ,single-facility CA project; name already in CALIFORNIA
Future Stars Youth Center,Future Stars Youth Center,single-facility CA project; name already in CALIFORNIA
Gateway Residential Program - Fair Oaks House,Gateway Residential Program - Fair Oaks House,single-facility CA project; name already in CALIFORNIA
Gateway Residential Programs - Gingerblossom House,Gateway Residential Programs - Gingerblossom House,single-facility CA project; name already in CALIFORNIA
Gateway Residential Programs - Hickory House,Gateway Residential Programs - Hickory House,single-facility CA project; name already in CALIFORNIA
Gateway Residential Programs - Palm House,Gateway Residential Programs - Palm House,single-facility CA project; name already in CALIFORNIA
Gateway Residential Programs - Winding House,Gateway Residential Programs - Winding House,single-facility CA project; name already in CALIFORNIA
Gentle Spirit Ranch,Gentle Spirit Ranch,single-facility CA project; name already in CALIFORNIA
Girls Republic,Girls Republic,single-facility CA project; name already in CALIFORNIA
Greater New Beginnings - Filbert House,Greater New Beginnings - Filbert House,single-facility CA project; name already in CALIFORNIA
Greenway Orchard,Greenway Orchard,single-facility CA project; name already in CALIFORNIA
Guiding Hands School,Guiding Hands School,single-facility CA project; name already in CALIFORNIA
Gym TD,Gym TD,single-facility CA project; name already in CALIFORNIA
Hanna Boys Center STRTP,Hanna Boys Center STRTP,single-facility CA project; name already in CALIFORNIA
"Harbor Youth Facility, Inc.","Harbor Youth Facility, Inc.",single-facility CA project; name already in CALIFORNIA
Hart Community Homes,Hart Community Homes,single-facility CA project; name already in CALIFORNIA
Harvest Safe Haven for Boys,Harvest Safe Haven for Boys,single-facility CA project; name already in CALIFORNIA
Hathaway-Sycamores Child and Family Services,Hathaway-Sycamores Child and Family Services,single-facility CA project; name already in CALIFORNIA
Haven of Hope - Abeona House,Haven of Hope - Abeona House,single-facility CA project; name already in CALIFORNIA
Haven of Hope - Halcyon House,Haven of Hope - Halcyon House,single-facility CA project; name already in CALIFORNIA
Haynes House STRTP,Haynes House STRTP,single-facility CA project; name already in CALIFORNIA
Hazel House,Hazel House,single-facility CA project; name already in CALIFORNIA
Heart of Worship Community Church Group Home,Heart of Worship Community Church Group Home,single-facility CA project; name already in CALIFORNIA
Helen E. Cowell Children's Center,Helen E. Cowell Children's Center,single-facility CA project; name already in CALIFORNIA
Helping Hands Home for Children,Helping Hands Home for Children,single-facility CA project; name already in CALIFORNIA
High Desert JDAC,High Desert JDAC,single-facility CA project; name already in CALIFORNIA
Hillcrest Adolescent Treatment Center,Hillcrest Adolescent Treatment Center,single-facility CA project; name already in CALIFORNIA
Hillcrest Juvenile Hall,Hillcrest Juvenile Hall,single-facility CA project; name already in CALIFORNIA
Hillside Horizon for Teens - Juanita Facility,Hillside Horizon for Teens - Juanita Facility,single-facility CA project; name already in CALIFORNIA
Hillside Horizon for Teens - Richard Facility,Hillside Horizon for Teens - Richard Facility,single-facility CA project; name already in CALIFORNIA
Hillside Horizon for Teens - Ridgeview Facility,Hillside Horizon for Teens - Ridgeview Facility,single-facility CA project; name already in CALIFORNIA
HillsidesCares RTP,HillsidesCares RTP,single-facility CA project; name already in CALIFORNIA
Home of Excellence,Home of Excellence,single-facility CA project; name already in CALIFORNIA
Hope for Youth Inc. - Bain House,Hope for Youth Inc. - Bain House,single-facility CA project; name already in CALIFORNIA
House of Sulaiman Children's Home,House of Sulaiman Children's Home,single-facility CA project; name already in CALIFORNIA
Humboldt County Juvenile Hall,Humboldt County Juvenile Hall,single-facility CA project; name already in CALIFORNIA
Imperial County Juvenile Hall,Imperial County Juvenile Hall,single-facility CA project; name already in CALIFORNIA
Indio Juvenile Hall,Indio Juvenile Hall,single-facility CA project; name already in CALIFORNIA
Inspiring Pathways,Inspiring Pathways,single-facility CA project; name already in CALIFORNIA
Iris Garrett Juvenile Justice Correctional Complex,Iris Garrett Juvenile Justice Correctional Complex,single-facility CA project; name already in CALIFORNIA
James G. Bowles Juvenile Hall,James G. Bowles Juvenile Hall,single-facility CA project; name already in CALIFORNIA
James Penny House Inc.,James Penny House Inc.,single-facility CA project; name already in CALIFORNIA
John & Dorothy Almklov House,John & Dorothy Almklov House,single-facility CA project; name already in CALIFORNIA
Jordan House of Umoja,Jordan House of Umoja,single-facility CA project; name already in CALIFORNIA
Juvenile Commitment Facility,Juvenile Commitment Facility,single-facility CA project; name already in CALIFORNIA
Juvenile Justice Campus,Juvenile Justice Campus,single-facility CA project; name already in CALIFORNIA
Kearny Mesa Juvenile Detention Facility,Kearny Mesa Juvenile Detention Facility,single-facility CA project; name already in CALIFORNIA
Kern County Crossroads - Larry J. Rhoades Facility,Kern County Crossroads - Larry J. Rhoades Facility,single-facility CA project; name already in CALIFORNIA
Key Healthcare Adolescent RTC,Key Healthcare Adolescent RTC,single-facility CA project; name already in CALIFORNIA
Kings County Juvenile Center,Kings County Juvenile Center,single-facility CA project; name already in CALIFORNIA
Koinonia BHP - Auburn,Koinonia BHP - Auburn,single-facility CA project; name already in CALIFORNIA
Koinonia BHP - Loomis Homes for Teens,Koinonia BHP - Loomis Homes for Teens,single-facility CA project; name already in CALIFORNIA
Koinonia BHP - Rocklin,Koinonia BHP - Rocklin,single-facility CA project; name already in CALIFORNIA
LA Camp Afflerbaugh,LA Camp Afflerbaugh,single-facility CA project; name already in CALIFORNIA
LA Camp Glenn Rockey,LA Camp Glenn Rockey,single-facility CA project; name already in CALIFORNIA
LA Camp Joseph Paige,LA Camp Joseph Paige,single-facility CA project; name already in CALIFORNIA
LA Central Juvenile Hall,LA Central Juvenile Hall,single-facility CA project; name already in CALIFORNIA
La Cheim STRTP,La Cheim STRTP,single-facility CA project; name already in CALIFORNIA
Lafayette RTC,Lafayette RTC,single-facility CA project; name already in CALIFORNIA
Leadership Empowerment and Discipline Boot Camp,Leadership Empowerment and Discipline Boot Camp,single-facility CA project; name already in CALIFORNIA
LGTC - Cambrian Park,LGTC - Cambrian Park,single-facility CA project; name already in CALIFORNIA
LGTC - Willow Glen Residential,LGTC - Willow Glen Residential,single-facility CA project; name already in CALIFORNIA
Lift Your Head Up STRTP,Lift Your Head Up STRTP,single-facility CA project; name already in CALIFORNIA
Lightfully Encinitas Teen RTC,Lightfully Encinitas Teen RTC,single-facility CA project; name already in CALIFORNIA
Lighthouse Mentoring Center,Lighthouse Mentoring Center,single-facility CA project; name already in CALIFORNIA
Los Padrinos Juvenile Hall SYTF,Los Padrinos Juvenile Hall SYTF,single-facility CA project; name already in CALIFORNIA
Los Prietos Boys Camp,Los Prietos Boys Camp,single-facility CA project; name already in CALIFORNIA
Madera Correctional Academy,Madera Correctional Academy,single-facility CA project; name already in CALIFORNIA
"Manuc,h Inc. - Aspen House","Manuc,h Inc. - Aspen House",single-facility CA project; name already in CALIFORNIA
"Manuch, Inc. - Inspiration Peak","Manuch, Inc. - Inspiration Peak",single-facility CA project; name already in CALIFORNIA
"Manuch, Inc. - Riverpine","Manuch, Inc. - Riverpine",single-facility CA project; name already in CALIFORNIA
Marin County Juvenile Hall,Marin County Juvenile Hall,single-facility CA project; name already in CALIFORNIA
Mariposa Special Purpose Juvenile Hall,Mariposa Special Purpose Juvenile Hall,single-facility CA project; name already in CALIFORNIA
Mary's Shelter STRTP,Mary's Shelter STRTP,single-facility CA project; name already in CALIFORNIA
Maxine Singer Youth Guidance Center,Maxine Singer Youth Guidance Center,single-facility CA project; name already in CALIFORNIA
Maywright Boys Home,Maywright Boys Home,single-facility CA project; name already in CALIFORNIA
McAlister Institute Group Home East,McAlister Institute Group Home East,single-facility CA project; name already in CALIFORNIA
McAlister Institute Group Home South,McAlister Institute Group Home South,single-facility CA project; name already in CALIFORNIA
"McKinley Children's Center, Inc. STRTP","McKinley Children's Center, Inc. STRTP",single-facility CA project; name already in CALIFORNIA
Mended Fences,Mended Fences,single-facility CA project; name already in CALIFORNIA
Mendocino County Juvenile Hall,Mendocino County Juvenile Hall,single-facility CA project; name already in CALIFORNIA
Merced Ranch,Merced Ranch,single-facility CA project; name already in CALIFORNIA
Michael's Youth Treatment Home for Boys,Michael's Youth Treatment Home for Boys,single-facility CA project; name already in CALIFORNIA
Michigan House,Michigan House,single-facility CA project; name already in CALIFORNIA
Mid-Valley Youth Center,Mid-Valley Youth Center,single-facility CA project; name already in CALIFORNIA
Milestone House,Milestone House,single-facility CA project; name already in CALIFORNIA
Millie's Youth Services,Millie's Youth Services,single-facility CA project; name already in CALIFORNIA
Mindful Growth Foundation,Mindful Growth Foundation,single-facility CA project; name already in CALIFORNIA
Ministerial Christian Academy,Ministerial Christian Academy,single-facility CA project; name already in CALIFORNIA
Mission Prep Adolescent RTC,Mission Prep Adolescent RTC,single-facility CA project; name already in CALIFORNIA
Mollie's House,Mollie's House,single-facility CA project; name already in CALIFORNIA
Monterey County Youth Center,Monterey County Youth Center,single-facility CA project; name already in CALIFORNIA
Mount Helix RTC,Mount Helix RTC,single-facility CA project; name already in CALIFORNIA
Mountain House Academy,Mountain House Academy,single-facility CA project; name already in CALIFORNIA
Mountain Valley Child and Family - Bar Du,Mountain Valley Child and Family - Bar Du,single-facility CA project; name already in CALIFORNIA
Mountain Valley Child and Family - Bradshaw,Mountain Valley Child and Family - Bradshaw,single-facility CA project; name already in CALIFORNIA
Mountain Valley Child and Family - Gerber,Mountain Valley Child and Family - Gerber,single-facility CA project; name already in CALIFORNIA
Mountain Valley Child and Family - Nevada City Ranch,Mountain Valley Child and Family - Nevada City Ranch,single-facility CA project; name already in CALIFORNIA
Mt. Lassen Treatment Center,Mt. Lassen Treatment Center,single-facility CA project; name already in CALIFORNIA
Muir Wood Teen Treatment Centers - Auberry Road,Muir Wood Teen Treatment Centers - Auberry Road,single-facility CA project; name already in CALIFORNIA
Muir Wood Teen Treatment Centers - Auberry South,Muir Wood Teen Treatment Centers - Auberry South,single-facility CA project; name already in CALIFORNIA
Muir Wood Teen Treatment Centers - Auberry West,Muir Wood Teen Treatment Centers - Auberry West,single-facility CA project; name already in CALIFORNIA
Muir Wood Teen Treatment Centers - Da Vinci,Muir Wood Teen Treatment Centers - Da Vinci,single-facility CA project; name already in CALIFORNIA
Muir Wood Teen Treatment Centers - Edgewild,Muir Wood Teen Treatment Centers - Edgewild,single-facility CA project; name already in CALIFORNIA
Muir Wood Teen Treatment Centers - Hannan Ranch,Muir Wood Teen Treatment Centers - Hannan Ranch,single-facility CA project; name already in CALIFORNIA
Muir Wood Teen Treatment Centers - Haverfield,Muir Wood Teen Treatment Centers - Haverfield,single-facility CA project; name already in CALIFORNIA
Muir Wood Teen Treatment Centers - I Street,Muir Wood Teen Treatment Centers - I Street,single-facility CA project; name already in CALIFORNIA
Muir Wood Teen Treatment Centers - Lohrman North & South Campuses,Muir Wood Teen Treatment Centers - Lohrman North & South Campuses,single-facility CA project; name already in CALIFORNIA
Muir Wood Teen Treatment Centers - Magnolia Campus,Muir Wood Teen Treatment Centers - Magnolia Campus,single-facility CA project; name already in CALIFORNIA
Muir Wood Teen Treatment Centers - Makena House Campus,Muir Wood Teen Treatment Centers - Makena House Campus,single-facility CA project; name already in CALIFORNIA
Muir Wood Teen Treatment Centers - Penngrove North & South Campuses,Muir Wood Teen Treatment Centers - Penngrove North & South Campuses,single-facility CA project; name already in CALIFORNIA
Muir Wood Teen Treatment Centers - Rebecca Campus,Muir Wood Teen Treatment Centers - Rebecca Campus,single-facility CA project; name already in CALIFORNIA
Muir Wood Teen Treatment Centers - Skillman East,Muir Wood Teen Treatment Centers - Skillman East,single-facility CA project; name already in CALIFORNIA
Muir Wood Teen Treatment Centers - Skillman North,Muir Wood Teen Treatment Centers - Skillman North,single-facility CA project; name already in CALIFORNIA
Muir Wood Teen Treatment Centers - Skillman South,Muir Wood Teen Treatment Centers - Skillman South,single-facility CA project; name already in CALIFORNIA
Muir Wood Teen Treatment Centers - Sonoma Mountain,Muir Wood Teen Treatment Centers - Sonoma Mountain,single-facility CA project; name already in CALIFORNIA
Muir Wood Teen Treatment Centers - Thompson Ranch,Muir Wood Teen Treatment Centers - Thompson Ranch,single-facility CA project; name already in CALIFORNIA
Napa County Juvenile Hall,Napa County Juvenile Hall,single-facility CA project; name already in CALIFORNIA
NAWA Academy,NAWA Academy,single-facility CA project; name already in CALIFORNIA
"New Alternatives, Inc. - San Pasqual Academy","New Alternatives, Inc. - San Pasqual Academy",single-facility CA project; name already in CALIFORNIA
New Beginnings Residential Treatment Facilities - Raja,New Beginnings Residential Treatment Facilities - Raja,single-facility CA project; name already in CALIFORNIA
New Dawn Treatment Centers,New Dawn Treatment Centers,single-facility CA project; name already in CALIFORNIA
New Destiny Youth Facility,New Destiny Youth Facility,single-facility CA project; name already in CALIFORNIA
New Horizons School,New Horizons School,single-facility CA project; name already in CALIFORNIA
New Start Youth Facility,New Start Youth Facility,single-facility CA project; name already in CALIFORNIA
New Way Group Home,New Way Group Home,single-facility CA project; name already in CALIFORNIA
Newport Academy – Acre,Newport Academy – Acre,single-facility CA project; name already in CALIFORNIA
Newport Academy – Alberca,Newport Academy – Alberca,single-facility CA project; name already in CALIFORNIA
Newport Academy – Applewood,Newport Academy – Applewood,single-facility CA project; name already in CALIFORNIA
Newport Academy – Aracena,Newport Academy – Aracena,single-facility CA project; name already in CALIFORNIA
Newport Academy – Arena,Newport Academy – Arena,single-facility CA project; name already in CALIFORNIA
Newport Academy – Autumn,Newport Academy – Autumn,single-facility CA project; name already in CALIFORNIA
Newport Academy – Avocado,Newport Academy – Avocado,single-facility CA project; name already in CALIFORNIA
Newport Academy – Chandler,Newport Academy – Chandler,single-facility CA project; name already in CALIFORNIA
Newport Academy – Chariot,Newport Academy – Chariot,single-facility CA project; name already in CALIFORNIA
Newport Academy – Crestview,Newport Academy – Crestview,single-facility CA project; name already in CALIFORNIA
Newport Academy – Del Cerro,Newport Academy – Del Cerro,single-facility CA project; name already in CALIFORNIA
Newport Academy – Flores,Newport Academy – Flores,single-facility CA project; name already in CALIFORNIA
Newport Academy – French Creek,Newport Academy – French Creek,single-facility CA project; name already in CALIFORNIA
Newport Academy – Golden,Newport Academy – Golden,single-facility CA project; name already in CALIFORNIA
Newport Academy – Happy Valley,Newport Academy – Happy Valley,single-facility CA project; name already in CALIFORNIA
Newport Academy – Highcliff,Newport Academy – Highcliff,single-facility CA project; name already in CALIFORNIA
Newport Academy – Hill,Newport Academy – Hill,single-facility CA project; name already in CALIFORNIA
Newport Academy – Hillside,Newport Academy – Hillside,single-facility CA project; name already in CALIFORNIA
Newport Academy – Maoli,Newport Academy – Maoli,single-facility CA project; name already in CALIFORNIA
Newport Academy – Morada,Newport Academy – Morada,single-facility CA project; name already in CALIFORNIA
Newport Academy – Oasis,Newport Academy – Oasis,single-facility CA project; name already in CALIFORNIA
Newport Academy – Nicasio,Newport Academy – Nicasio,single-facility CA project; name already in CALIFORNIA
Newport Academy – Palm Hills,Newport Academy – Palm Hills,single-facility CA project; name already in CALIFORNIA
Newport Academy – Paloma,Newport Academy – Paloma,single-facility CA project; name already in CALIFORNIA
Newport Academy – Ranch,Newport Academy – Ranch,single-facility CA project; name already in CALIFORNIA
Newport Academy – Redwood,Newport Academy – Redwood,single-facility CA project; name already in CALIFORNIA
Newport Academy – Ridgeview,Newport Academy – Ridgeview,single-facility CA project; name already in CALIFORNIA
Newport Academy – Rodeo,Newport Academy – Rodeo,single-facility CA project; name already in CALIFORNIA
Newport Academy – Rogers,Newport Academy – Rogers,single-facility CA project; name already in CALIFORNIA
Newport Academy – Rush Creek,Newport Academy – Rush Creek,single-facility CA project; name already in CALIFORNIA
Newport Academy – Sundance,Newport Academy – Sundance,single-facility CA project; name already in CALIFORNIA
Newport Academy – Tanglewood,Newport Academy – Tanglewood,single-facility CA project; name already in CALIFORNIA
Newport Academy – Valley Vista,Newport Academy – Valley Vista,single-facility CA project; name already in CALIFORNIA
Newport Academy – Willow Hill,Newport Academy – Willow Hill,single-facility CA project; name already in CALIFORNIA
Oak Grove Center,Oak Grove Center,single-facility CA project; name already in CALIFORNIA
Oakendell,Oakendell,single-facility CA project; name already in CALIFORNIA
Oakridge Home at Le Conte,Oakridge Home at Le Conte,single-facility CA project; name already in CALIFORNIA
OH Close Youth Correctional Facilitiy,OH Close Youth Correctional Facilitiy,single-facility CA project; name already in CALIFORNIA
Ojai RTC,Ojai RTC,single-facility CA project; name already in CALIFORNIA
Olive Crest - Hope Refuge,Olive Crest - Hope Refuge,single-facility CA project; name already in CALIFORNIA
Olive Crest - Malena,Olive Crest - Malena,single-facility CA project; name already in CALIFORNIA
Olive Crest - Saylor,Olive Crest - Saylor,single-facility CA project; name already in CALIFORNIA
Olive Crest - Wheeler,Olive Crest - Wheeler,single-facility CA project; name already in CALIFORNIA
Operation Safehouse,Operation Safehouse,single-facility CA project; name already in CALIFORNIA
Optimist Boys Home & Ranch,Optimist Boys Home & Ranch,single-facility CA project; name already in CALIFORNIA
Optimist Carson,Optimist Carson,single-facility CA project; name already in CALIFORNIA
Optimist Eagle Rock,Optimist Eagle Rock,single-facility CA project; name already in CALIFORNIA
Optimist Mission Hills,Optimist Mission Hills,single-facility CA project; name already in CALIFORNIA
Optimist Van Nuys,Optimist Van Nuys,single-facility CA project; name already in CALIFORNIA
Optimum Performance Institute,Optimum Performance Institute,single-facility CA project; name already in CALIFORNIA
Orange County Juvenile Hall,Orange County Juvenile Hall,single-facility CA project; name already in CALIFORNIA
Orin Allen Youth Rehabilitation Facility,Orin Allen Youth Rehabilitation Facility,single-facility CA project; name already in CALIFORNIA
Our Healing Center,Our Healing Center,single-facility CA project; name already in CALIFORNIA
"Our Safehaven, Inc.","Our Safehaven, Inc.",single-facility CA project; name already in CALIFORNIA
Pacific Lodge Campus,Pacific Lodge Campus,single-facility CA project; name already in CALIFORNIA
Pacific Teen Treatment,Pacific Teen Treatment,single-facility CA project; name already in CALIFORNIA
Palo Verde House,Palo Verde House,single-facility CA project; name already in CALIFORNIA
Paradigm Treatment Centers – Malibu – Birdview,Paradigm Treatment Centers – Malibu – Birdview,single-facility CA project; name already in CALIFORNIA
Paradigm Treatment Centers – Malibu – Cavalleri,Paradigm Treatment Centers – Malibu – Cavalleri,single-facility CA project; name already in CALIFORNIA
Paradigm Treatment Centers – Malibu – Via Escondido,Paradigm Treatment Centers – Malibu – Via Escondido,single-facility CA project; name already in CALIFORNIA
Paradigm Treatment Centers – Mailibu – Point Dume,Paradigm Treatment Centers – Mailibu – Point Dume,single-facility CA project; name already in CALIFORNIA
Paradigm Treatment Centers – San Francisco – Seaview House,Paradigm Treatment Centers – San Francisco – Seaview House,single-facility CA project; name already in CALIFORNIA
Paradigm Treatment Centers – San Francisco – Terrace House,Paradigm Treatment Centers – San Francisco – Terrace House,single-facility CA project; name already in CALIFORNIA
Paradise Adolescent Home Inc.,Paradise Adolescent Home Inc.,single-facility CA project; name already in CALIFORNIA
Paradise Oaks - Antelope Facility,Paradise Oaks - Antelope Facility,single-facility CA project; name already in CALIFORNIA
Paradise Oaks - Hazel,Paradise Oaks - Hazel,single-facility CA project; name already in CALIFORNIA
Paradise Oaks - Hickory,Paradise Oaks - Hickory,single-facility CA project; name already in CALIFORNIA
Paradise Oaks - Linda Creek,Paradise Oaks - Linda Creek,single-facility CA project; name already in CALIFORNIA
Paradise Oaks - Madison,Paradise Oaks - Madison,single-facility CA project; name already in CALIFORNIA
Paradise Oaks - Mariposa,Paradise Oaks - Mariposa,single-facility CA project; name already in CALIFORNIA
Paradise Oaks - Old Auburn,Paradise Oaks - Old Auburn,single-facility CA project; name already in CALIFORNIA
Paradise Oaks - Olivine,Paradise Oaks - Olivine,single-facility CA project; name already in CALIFORNIA
Paradise Oaks - Rosa Vista,Paradise Oaks - Rosa Vista,single-facility CA project; name already in CALIFORNIA
Paradise Oaks - Sunset,Paradise Oaks - Sunset,single-facility CA project; name already in CALIFORNIA
Paradise Oaks Youth Services,Paradise Oaks Youth Services,single-facility CA project; name already in CALIFORNIA
"Pathway Family Services, Inc.","Pathway Family Services, Inc.",single-facility CA project; name already in CALIFORNIA
"Pennacle Foundation, Inc.","Pennacle Foundation, Inc.",single-facility CA project; name already in CALIFORNIA
Penny Lane Centers,Penny Lane Centers,single-facility CA project; name already in CALIFORNIA
"PHILOS Adolescent Treatment Centers, Inc.","PHILOS Adolescent Treatment Centers, Inc.",single-facility CA project; name already in CALIFORNIA
Phoenix House California,Phoenix House California,single-facility CA project; name already in CALIFORNIA
Pine Grove Youth Conservation Camp,Pine Grove Youth Conservation Camp,single-facility CA project; name already in CALIFORNIA
Pine Meadows School,Pine Meadows School,single-facility CA project; name already in CALIFORNIA
Placer Juvenile Detention Facility,Placer Juvenile Detention Facility,single-facility CA project; name already in CALIFORNIA
Plan-It Life Temecula House,Plan-It Life Temecula House,single-facility CA project; name already in CALIFORNIA
Plumfield Academy,Plumfield Academy,single-facility CA project; name already in CALIFORNIA
Polaris Teen Center - Otis Location,Polaris Teen Center - Otis Location,single-facility CA project; name already in CALIFORNIA
Polaris Teen Center - Tarzana East Location,Polaris Teen Center - Tarzana East Location,single-facility CA project; name already in CALIFORNIA
Preston Youth Correctional Facility,Preston Youth Correctional Facility,single-facility CA project; name already in CALIFORNIA
Progress Ranch,Progress Ranch,single-facility CA project; name already in CALIFORNIA
Project 14:14 Inc,Project 14:14 Inc,single-facility CA project; name already in CALIFORNIA
Project Destiny Home of Hope,Project Destiny Home of Hope,single-facility CA project; name already in CALIFORNIA
Promesa - Barstow House,Promesa - Barstow House,single-facility CA project; name already in CALIFORNIA
Promesa - Madera House,Promesa - Madera House,single-facility CA project; name already in CALIFORNIA
Promesa - Millbrook House,Promesa - Millbrook House,single-facility CA project; name already in CALIFORNIA
Promesa - Spruce House,Promesa - Spruce House,single-facility CA project; name already in CALIFORNIA
Promesa - Van Ness,Promesa - Van Ness,single-facility CA project; name already in CALIFORNIA
Quality Family Services - Belmont House,Quality Family Services - Belmont House,single-facility CA project; name already in CALIFORNIA
Quality Family Services - Cambridge House,Quality Family Services - Cambridge House,single-facility CA project; name already in CALIFORNIA
Quality Family Services - Clinton House,Quality Family Services - Clinton House,single-facility CA project; name already in CALIFORNIA
Quality Family Services - Gettysburg House,Quality Family Services - Gettysburg House,single-facility CA project; name already in CALIFORNIA
Quality Family Services - Millbrook House,Quality Family Services - Millbrook House,single-facility CA project; name already in CALIFORNIA
Quality Family Services - Perrin House,Quality Family Services - Perrin House,single-facility CA project; name already in CALIFORNIA
Quality Family Services - Rialto House,Quality Family Services - Rialto House,single-facility CA project; name already in CALIFORNIA
Quality Family Services - Sample House,Quality Family Services - Sample House,single-facility CA project; name already in CALIFORNIA
Quality Family Services - Warner House,Quality Family Services - Warner House,single-facility CA project; name already in CALIFORNIA
Quality Family Services - Yale House,Quality Family Services - Yale House,single-facility CA project; name already in CALIFORNIA
Quest,Quest,single-facility CA project; name already in CALIFORNIA
Rainbow Valley Merced,Rainbow Valley Merced,single-facility CA project; name already in CALIFORNIA
Rancho San Antonio - Brother John's House,Rancho San Antonio - Brother John's House,single-facility CA project; name already in CALIFORNIA
Reach to Win Youth Home Facility,Reach to Win Youth Home Facility,single-facility CA project; name already in CALIFORNIA
"Redwood Community Services, Inc - Birch House","Redwood Community Services, Inc - Birch House",single-facility CA project; name already in CALIFORNIA
"Redwood Community Services, Inc - Sequoia House","Redwood Community Services, Inc - Sequoia House",single-facility CA project; name already in CALIFORNIA
Remi Vista - Porta Dego Home,Remi Vista - Porta Dego Home,single-facility CA project; name already in CALIFORNIA
Remi Vista - Ranch School,Remi Vista - Ranch School,single-facility CA project; name already in CALIFORNIA
Remi Vista - Shasta,Remi Vista - Shasta,single-facility CA project; name already in CALIFORNIA
"River Stones Child and Adolescent Treatment, Inc. - Mountain View","River Stones Child and Adolescent Treatment, Inc. - Mountain View",single-facility CA project; name already in CALIFORNIA
"River Stones Child & Adolescent Treatment, Inc. - Whisper Canyon","River Stones Child & Adolescent Treatment, Inc. - Whisper Canyon",single-facility CA project; name already in CALIFORNIA
Rivers Edge Academy,Rivers Edge Academy,single-facility CA project; name already in CALIFORNIA
Riverside County - Southwest Juvenile Hall,Riverside County - Southwest Juvenile Hall,single-facility CA project; name already in CALIFORNIA
Riverside Juvenile Hall,Riverside Juvenile Hall,single-facility CA project; name already in CALIFORNIA
ROP ATCS Baker House,ROP ATCS Baker House,single-facility CA project; name already in CALIFORNIA
ROP ATCS Joann House,ROP ATCS Joann House,single-facility CA project; name already in CALIFORNIA
ROP ATCS Johnson House,ROP ATCS Johnson House,single-facility CA project; name already in CALIFORNIA
ROP ATCS Sierra Ridge Treatment Center,ROP ATCS Sierra Ridge Treatment Center,single-facility CA project; name already in CALIFORNIA
ROP Emancipation Home,ROP Emancipation Home,single-facility CA project; name already in CALIFORNIA
ROP Harbor City Home,ROP Harbor City Home,single-facility CA project; name already in CALIFORNIA
ROP Livingston House,ROP Livingston House,single-facility CA project; name already in CALIFORNIA
ROP Paragon House,ROP Paragon House,single-facility CA project; name already in CALIFORNIA
Ruby's Place Youth Village,Ruby's Place Youth Village,single-facility CA project; name already in CALIFORNIA
Sacramento Children's Home STRTP,Sacramento Children's Home STRTP,single-facility CA project; name already in CALIFORNIA
Sacramento County Youth Detention Facility,Sacramento County Youth Detention Facility,single-facility CA project; name already in CALIFORNIA
Sacred Oaks Healing Center,Sacred Oaks Healing Center,single-facility CA project; name already in CALIFORNIA
San Bernardino Central Detention - Juvenile Detention Center,San Bernardino Central Detention - Juvenile Detention Center,single-facility CA project; name already in CALIFORNIA
San Benito County Juvenile Hall,San Benito County Juvenile Hall,single-facility CA project; name already in CALIFORNIA
San Diego Center for Children RTC,San Diego Center for Children RTC,single-facility CA project; name already in CALIFORNIA
San Francisco Boys and Girls Home - Euclid House,San Francisco Boys and Girls Home - Euclid House,single-facility CA project; name already in CALIFORNIA
San Gabriel Children's Center - Enid Home,San Gabriel Children's Center - Enid Home,single-facility CA project; name already in CALIFORNIA
San Gabriel Children's Center - Homerest Home,San Gabriel Children's Center - Homerest Home,single-facility CA project; name already in CALIFORNIA
San Joaquin Juvenile Hall,San Joaquin Juvenile Hall,single-facility CA project; name already in CALIFORNIA
Sanctuary Recovery Center for Teens,Sanctuary Recovery Center for Teens,single-facility CA project; name already in CALIFORNIA
Santa Clara Juvenile Hall,Santa Clara Juvenile Hall,single-facility CA project; name already in CALIFORNIA
Santa Cruz Juvenile Hall,Santa Cruz Juvenile Hall,single-facility CA project; name already in CALIFORNIA
Santa Maria Home,Santa Maria Home,single-facility CA project; name already in CALIFORNIA
Santa Maria Juvenile Hall - Susan J. Gionfriddo Juvenile Justice Center,Santa Maria Juvenile Hall - Susan J. Gionfriddo Juvenile Justice Center,single-facility CA project; name already in CALIFORNIA
"Saving Another Manchild Services, Inc.","Saving Another Manchild Services, Inc.",single-facility CA project; name already in CALIFORNIA
Scott's Youth Facility,Scott's Youth Facility,single-facility CA project; name already in CALIFORNIA
Shimber Beris School Community,Shimber Beris School Community,single-facility CA project; name already in CALIFORNIA
Silence Aloud - Search Light Center for Healing,Silence Aloud - Search Light Center for Healing,single-facility CA project; name already in CALIFORNIA
Seneca Aspire - Oakland,Seneca Aspire - Oakland,single-facility CA project; name already in CALIFORNIA
Seneca Aspire - SF,Seneca Aspire - SF,single-facility CA project; name already in CALIFORNIA
Seneca Center,Seneca Center,single-facility CA project; name already in CALIFORNIA
Seneca Compass - Petaluma,Seneca Compass - Petaluma,single-facility CA project; name already in CALIFORNIA
Seneca Compass - Ventura,Seneca Compass - Ventura,single-facility CA project; name already in CALIFORNIA
Shasta County Juvenile Rehabilitation Facility,Shasta County Juvenile Rehabilitation Facility,single-facility CA project; name already in CALIFORNIA
Shepherd's Ranch Christian Academy,Shepherd's Ranch Christian Academy,single-facility CA project; name already in CALIFORNIA
Sierra Quest Boys Academy,Sierra Quest Boys Academy,single-facility CA project; name already in CALIFORNIA
Sierra Quest Girls Academy,Sierra Quest Girls Academy,single-facility CA project; name already in CALIFORNIA
Sierra Vista STRTP,Sierra Vista STRTP,single-facility CA project; name already in CALIFORNIA
SLO County Juvenile Hall,SLO County Juvenile Hall,single-facility CA project; name already in CALIFORNIA
Sojourner's Haven Group Home STRTP,Sojourner's Haven Group Home STRTP,single-facility CA project; name already in CALIFORNIA
Solano County Juvenile Hall,Solano County Juvenile Hall,single-facility CA project; name already in CALIFORNIA
Sonoma County Juvenile Institute,Sonoma County Juvenile Institute,single-facility CA project; name already in CALIFORNIA
Sonoma County Probation Camp,Sonoma County Probation Camp,single-facility CA project; name already in CALIFORNIA
South Coast Children's Society - Caladium,South Coast Children's Society - Caladium,single-facility CA project; name already in CALIFORNIA
South Coast Children's Society - Dahlia,South Coast Children's Society - Dahlia,single-facility CA project; name already in CALIFORNIA
South Coast Children's Society - San Rafael,South Coast Children's Society - San Rafael,single-facility CA project; name already in CALIFORNIA
Southwood Psychiatric Center RTC,Southwood Psychiatric Center RTC,single-facility CA project; name already in CALIFORNIA
Squaw Valley Academy,Squaw Valley Academy,single-facility CA project; name already in CALIFORNIA
St. Anne's STRTP,St. Anne's STRTP,single-facility CA project; name already in CALIFORNIA
St. Vincent's School for Boys STRTP,St. Vincent's School for Boys STRTP,single-facility CA project; name already in CALIFORNIA
Stanilaus County Juvenile Hall,Stanilaus County Juvenile Hall,single-facility CA project; name already in CALIFORNIA
Star View Community Treatment Facility,Star View Community Treatment Facility,single-facility CA project; name already in CALIFORNIA
Starshine Treatment Center,Starshine Treatment Center,single-facility CA project; name already in CALIFORNIA
Stella Maris Growth Center for Girls,Stella Maris Growth Center for Girls,single-facility CA project; name already in CALIFORNIA
Straight – Yorba Linda,Straight – Yorba Linda,single-facility CA project; name already in CALIFORNIA
Success in Recovery,Success in Recovery,single-facility CA project; name already in CALIFORNIA
Summit Estate Recovery Center,Summit Estate Recovery Center,single-facility CA project; name already in CALIFORNIA
Summitview Child & Family Services,Summitview Child & Family Services,single-facility CA project; name already in CALIFORNIA
Sunol Hills - Casa Fremont,Sunol Hills - Casa Fremont,single-facility CA project; name already in CALIFORNIA
Sunol Hills at Oakview,Sunol Hills at Oakview,single-facility CA project; name already in CALIFORNIA
Sycamores STRTP South Campus,Sycamores STRTP South Campus,single-facility CA project; name already in CALIFORNIA
Synanon Punk Squad,Synanon Punk Squad,single-facility CA project; name already in CALIFORNIA
"T&T House of Champions, Inc.","T&T House of Champions, Inc.",single-facility CA project; name already in CALIFORNIA
Tayler Group Home,Tayler Group Home,single-facility CA project; name already in CALIFORNIA
Teen C.A.R.E. Camp,Teen C.A.R.E. Camp,single-facility CA project; name already in CALIFORNIA
Teen Challenge Southern California,Teen Challenge Southern California,single-facility CA project; name already in CALIFORNIA
Tehama County Juvenile Detention Facility,Tehama County Juvenile Detention Facility,single-facility CA project; name already in CALIFORNIA
The Arrow House,The Arrow House,single-facility CA project; name already in CALIFORNIA
The Camp Recovery Center,The Camp Recovery Center,single-facility CA project; name already in CALIFORNIA
The Light Keepers,The Light Keepers,single-facility CA project; name already in CALIFORNIA
Theo Lacy Juvenile Facility,Theo Lacy Juvenile Facility,single-facility CA project; name already in CALIFORNIA
Thunder Road Chemical Dependency Recovery Center,Thunder Road Chemical Dependency Recovery Center,single-facility CA project; name already in CALIFORNIA
Tiffany's Place,Tiffany's Place,single-facility CA project; name already in CALIFORNIA
TMHA - Youth Treatment Program,TMHA - Youth Treatment Program,single-facility CA project; name already in CALIFORNIA
Tobinworld,Tobinworld,single-facility CA project; name already in CALIFORNIA
Touchstones,Touchstones,single-facility CA project; name already in CALIFORNIA
Tranquil Waters Guidance Center,Tranquil Waters Guidance Center,single-facility CA project; name already in CALIFORNIA
"Tree House Youth Homes, Inc.","Tree House Youth Homes, Inc.",single-facility CA project; name already in CALIFORNIA
Trinity - Apple Valley,Trinity - Apple Valley,single-facility CA project; name already in CALIFORNIA
Trinity - El Monte,Trinity - El Monte,single-facility CA project; name already in CALIFORNIA
Trinity - Yucaipa,Trinity - Yucaipa,single-facility CA project; name already in CALIFORNIA
Tulare County Juvenile Detention Facility,Tulare County Juvenile Detention Facility,single-facility CA project; name already in CALIFORNIA
Tuolumne County Motherlode Regional Juvenile Detention Facility,Tuolumne County Motherlode Regional Juvenile Detention Facility,single-facility CA project; name already in CALIFORNIA
Tuolumne Inn,Tuolumne Inn,single-facility CA project; name already in CALIFORNIA
Turning Point - Journey On,Turning Point - Journey On,single-facility CA project; name already in CALIFORNIA
Turning Point - La Serenata,Turning Point - La Serenata,single-facility CA project; name already in CALIFORNIA
Turning Point - Lake House,Turning Point - Lake House,single-facility CA project; name already in CALIFORNIA
Turning Point - Prairie House,Turning Point - Prairie House,single-facility CA project; name already in CALIFORNIA
San Diego County Urban Camp,San Diego County Urban Camp,single-facility CA project; name already in CALIFORNIA
Valley of the Moon STRTP,Valley of the Moon STRTP,single-facility CA project; name already in CALIFORNIA
Valley Teen Ranch,Valley Teen Ranch,single-facility CA project; name already in CALIFORNIA
Vanalden RTC,Vanalden RTC,single-facility CA project; name already in CALIFORNIA
Ve & Daughters Happy Home,Ve & Daughters Happy Home,single-facility CA project; name already in CALIFORNIA
Ventury County Juvenile Hall Facility,Ventury County Juvenile Hall Facility,single-facility CA project; name already in CALIFORNIA
Victor Treatment Center - 500 House,Victor Treatment Center - 500 House,single-facility CA project; name already in CALIFORNIA
Victor Treatment Center - Bonnie House,Victor Treatment Center - Bonnie House,single-facility CA project; name already in CALIFORNIA
Victor Treatment Center - Clover House,Victor Treatment Center - Clover House,single-facility CA project; name already in CALIFORNIA
Victor Treatment Center - Country Club House,Victor Treatment Center - Country Club House,single-facility CA project; name already in CALIFORNIA
Victor Treatment Center - Green House,Victor Treatment Center - Green House,single-facility CA project; name already in CALIFORNIA
Victor Treatment Center - Irwin House,Victor Treatment Center - Irwin House,single-facility CA project; name already in CALIFORNIA
Victor Treatment Center - Juniper House,Victor Treatment Center - Juniper House,single-facility CA project; name already in CALIFORNIA
Victor Treatment Center - Lane House,Victor Treatment Center - Lane House,single-facility CA project; name already in CALIFORNIA
Victor Treatment Center - Logan House,Victor Treatment Center - Logan House,single-facility CA project; name already in CALIFORNIA
Victor Treatment Center - Pasadena,Victor Treatment Center - Pasadena,single-facility CA project; name already in CALIFORNIA
Victor Treatment Center - The Cottage,Victor Treatment Center - The Cottage,single-facility CA project; name already in CALIFORNIA
Victor Treatment Center - Wright House,Victor Treatment Center - Wright House,single-facility CA project; name already in CALIFORNIA
Victor Youth Services - Alta Mesa House,Victor Youth Services - Alta Mesa House,single-facility CA project; name already in CALIFORNIA
Victor Youth Services - Clairvaux House,Victor Youth Services - Clairvaux House,single-facility CA project; name already in CALIFORNIA
Victor Youth Services - Kings Way House,Victor Youth Services - Kings Way House,single-facility CA project; name already in CALIFORNIA
Victor Youth Services - Oasis House,Victor Youth Services - Oasis House,single-facility CA project; name already in CALIFORNIA
Victory Christian Academy,Victory Christian Academy,single-facility CA project; name already in CALIFORNIA
VisionQuest,VisionQuest,single-facility CA project; name already in CALIFORNIA
Wake Forest,Wake Forest,single-facility CA project; name already in CALIFORNIA
Walnut Creek RTC,Walnut Creek RTC,single-facility CA project; name already in CALIFORNIA
Walt's Home for Young Men,Walt's Home for Young Men,single-facility CA project; name already in CALIFORNIA
Warner Mountain School at Bar B Ranch,Warner Mountain School at Bar B Ranch,single-facility CA project; name already in CALIFORNIA
Wellspring Academies,Wellspring Academies,single-facility CA project; name already in CALIFORNIA
Wilderness Recovery Center,Wilderness Recovery Center,single-facility CA project; name already in CALIFORNIA
William F. James Boys Ranch,William F. James Boys Ranch,single-facility CA project; name already in CALIFORNIA
Willow Hills Wellness for Teens LLC,Willow Hills Wellness for Teens LLC,single-facility CA project; name already in CALIFORNIA
Woodland Hills RTC,Woodland Hills RTC,single-facility CA project; name already in CALIFORNIA
Wellspring Camp La Jolla,Wellspring Camp La Jolla,single-facility CA project; name already in CALIFORNIA
Yolo County Juvenile Hall,Yolo County Juvenile Hall,single-facility CA project; name already in CALIFORNIA
Yosemite Treatment Center,Yosemite Treatment Center,single-facility CA project; name already in CALIFORNIA
Your First Step - Advent Group Ministries Gateway Home,Your First Step - Advent Group Ministries Gateway Home,single-facility CA project; name already in CALIFORNIA
Your House South,Your House South,single-facility CA project; name already in CALIFORNIA
Youth Quest Inc.,Youth Quest Inc.,single-facility CA project; name already in CALIFORNIA
Youth Quest Inc. for Girls,Youth Quest Inc. for Girls,single-facility CA project; name already in CALIFORNIA
Yuba County Juvenile Hall,Yuba County Juvenile Hall,single-facility CA project; name already in CALIFORNIA
Zoe Home for Youth,Zoe Home for Youth,single-facility CA project; name already in CALIFORNIA
